SEASON,TRAD_PTS,TRAD_FGM,TRAD_FGA,TRAD_FG_PCT,TRAD_3PM,TRAD_3PA,TRAD_3P_PCT,TRAD_FTM,TRAD_FTA,TRAD_FT_PCT,TRAD_OREB,TRAD_DREB,TRAD_REB,TRAD_AST,TRAD_TOV,TRAD_STL,TRAD_BLK,TRAD_PF,ADV_OFFRTG,ADV_DEFRTG,ADV_NETRTG,ADV_AST_PCT,ADV_AST_TO,ADV_AST_RATIO,ADV_DREB_PCT,ADV_REB_PCT,ADV_TS_PCT,ADV_PACE,ADV_PIE,FF_EFG_PCT,FF_FTA_RATE,FF_TOV_PCT,FF_OREB_PCT,FF_OPP_EFG_PCT,FF_OPP_FTA_RATE,FF_OPP_TOV_PCT,FF_OPP_OREB_PCT,MISC_PTS_OFF_TO,MISC_2ND_PTS,MISC_FBPS,MISC_PITP,MISC_OPP_PTS_OFF_TO,MISC_OPP_2ND_PTS,MISC_OPP_FBPS,MISC_OPP_PITP,SCOR_PCTFGA_2PT,SCOR_PCTFGA_3PT,SCOR_PCTPTS_2PT,SCOR_PCTPTS_2PT_MR,SCOR_PCTPTS_3PT,SCOR_PCTPTS_FBPS,SCOR_PCTPTS_FT,SCOR_PCTPTS_OFF_TO,SCOR_PCTPTS_PITP,SCOR_2FGM__PCTAST,SCOR_2FGM__PCTUAST,SCOR_3FGM__PCTAST,SCOR_3FGM__PCTUAST,SCOR_FGM__PCTAST,SCOR_FGM__PCTUAST
1996/97,96.73750991276765,35.92347343378271,79.11934972244251,45.516653449643144,6.08406026962728,16.935368754956382,35.73727200634417,18.803727200634416,25.429024583663757,73.77513877874702,12.618160190325138,28.426645519429023,41.044805709754165,21.925059476605867,15.577319587628866,8.159000793021411,4.89095955590801,22.181601903251387,105.04274385408405,105.06157811260904,-0.01883425852498018,58.7649111816019,1.5303608247422682,16.91923076923077,64.8465277557494,48.482705789056304,52.04728747026169,91.40026962727994,48.60749603489294,49.3883425852498,0.3274916732751784,16.898691514670897,33.14500396510706,49.3906026962728,0.3274932593180016,16.89964314036479,33.149603489294215,17.396114195083268,14.150277557494052,12.619746233148295,40.45202220459952,17.39928628072958,14.153449643140364,12.620935765265662,40.45757335448057,78.49916732751784,21.50325138778747,61.79127676447264,20.037866772402854,18.77541633624108,12.955194290245837,19.436875495638382,18.052022204599524,41.75229976209358,56.79865186360032,43.20289452815226,79.92672482157019,19.597581284694687,60.901506740682,39.09992069785884
1997/98,95.32698412698413,35.76190476190476,79.39920634920635,45.18611111111111,4.417857142857143,12.784126984126985,33.992420634920634,19.38531746031746,26.33015873015873,73.6804365079365,12.954761904761904,28.465079365079365,41.41984126984127,21.930555555555557,15.398412698412699,8.334523809523809,5.049603174603175,22.51309523809524,103.40630952380953,103.40630952380953,0.0,59.061992460317455,1.5512301587301587,16.83888888888889,64.30156746031747,48.39581626984127,50.82020873015873,91.5340873015873,48.54309087301588,47.9827380952381,0.3379507936507936,16.67063492063492,33.57833333333333,47.9827380952381,0.3379507936507936,16.67063492063492,33.57833333333333,17.009920634920636,14.527380952380952,13.512698412698413,40.060317460317464,17.009920634920636,14.527380952380952,13.512698412698413,40.060317460317464,83.84904761904762,16.153333333333332,65.93988095238095,23.991507936507936,13.725714285714288,14.065238095238096,20.33797619047619,17.899444444444445,41.95230158730159,57.90611111111111,42.095793650793645,81.194126984127,15.631269841269843,61.1606746031746,38.84059523809524
1998/99,91.25031605562579,33.97092288242731,77.89759797724399,43.74304677623262,4.451959544879899,13.205436156763591,33.16991150442478,18.856510745891278,25.848925410872315,73.0078381795196,12.484829329962073,29.037926675094816,41.52275600505689,20.553097345132745,15.257269279393173,8.306573957016434,4.9348925410872315,22.38748419721871,100.39551201011379,100.39551201011379,0.0,58.587770543615676,1.461441213653603,16.182174462705436,65.73006826801516,48.460142857142856,49.7115429835651,90.25317319848293,48.6591213653603,46.62585335018964,0.33910493046776236,16.760682680151707,32.23520859671302,46.62585335018964,0.33910493046776236,16.760682680151707,32.23520859671302,16.414664981036662,13.398230088495575,12.221871049304678,37.11251580278129,16.414664981036662,13.398230088495575,12.221871049304678,37.11251580278129,82.98331226295828,17.018394437420984,64.82534766118837,24.251137800252845,14.455436156763591,13.289570164348925,20.720922882427306,18.07718078381795,40.580278128950695,56.7680783817952,43.233565107458915,82.18742098609356,15.094500632111252,60.418394437420986,39.58375474083439
1999/00,97.13805379746836,36.642405063291136,81.7998417721519,44.898931962025316,4.860759493670886,13.772943037974683,35.03065664556962,18.99248417721519,25.34493670886076,75.10696202531645,12.339003164556962,30.477056962025316,42.81606012658228,22.17998417721519,15.323180379746836,7.86748417721519,5.1511075949367084,23.355221518987342,102.41439873417721,102.41439873417721,0.0,58.582887262658225,1.5828085443037976,16.75799050632911,66.6601309335443,48.390321598101266,50.68316851265823,94.31731803797469,48.53943829113924,47.87895569620253,0.315779667721519,16.11048259493671,31.152254746835442,47.87895569620253,0.315779667721519,16.11048259493671,31.152254746835442,16.576740506329113,13.838212025316455,13.766613924050633,39.00632911392405,16.576740506329113,13.838212025316455,13.766613924050633,39.00632911392405,83.14367088607595,16.85945411392405,65.55300632911393,25.402412974683546,14.882120253164556,14.03943829113924,19.567523734177215,17.081131329113923,40.15356012658228,56.62725474683545,43.37527689873418,83.71020569620254,14.470174050632911,60.47199367088608,39.52954905063291
2000/01,94.74285714285715,35.614285714285714,80.57857142857142,44.33440476190476,4.871031746031746,13.77063492063492,34.87166666666667,18.64325396825397,24.921825396825398,74.90678571428572,12.028571428571428,30.478571428571428,42.50714285714286,21.688095238095237,14.9515873015873,7.79047619047619,5.273809523809524,22.365079365079364,101.65702380952382,101.65702380952382,0.0,60.80142857142857,1.5866468253968253,16.69123015873016,69.00480158730159,50.00035714285714,51.883849206349204,92.4831507936508,50.00011904761905,47.37817460317461,0.3143968253968254,16.01797619047619,30.996269841269843,47.37817460317461,0.3143968253968254,16.01797619047619,30.996269841269843,16.202380952380953,13.370238095238095,12.834523809523809,37.647619047619045,16.202380952380953,13.370238095238095,12.834523809523809,37.647619047619045,82.85460317460317,17.14781746031746,65.08813492063493,25.324246031746032,15.253412698412697,13.445714285714285,19.663015873015873,17.16611111111111,39.76781746031746,56.86940476190476,43.1325,83.80484126984128,14.528492063492065,60.80142857142857,39.200515873015874
2001/02,95.4063492063492,36.07063492063492,81.19365079365079,44.53861111111111,5.236111111111111,14.85515873015873,35.06698412698413,18.028968253968255,23.984126984126984,75.17126984126985,12.212698412698412,30.22579365079365,42.43849206349206,21.795238095238094,14.438492063492063,7.775396825396825,5.22579365079365,21.376984126984127,103.05730158730158,103.05730158730158,0.0,60.351904761904756,1.6562380952380953,16.82626984126984,68.57619047619048,50.00047619047619,52.103095238095236,91.94953174603175,50.00031746031746,47.77404761904762,0.30019285714285715,15.587142857142856,31.425158730158728,47.77404761904762,0.30019285714285715,15.587142857142856,31.425158730158728,15.744444444444444,13.851587301587301,12.731349206349206,38.23253968253968,15.744444444444444,13.851587301587301,12.731349206349206,38.23253968253968,81.70083333333334,18.30218253968254,64.85646825396825,24.759603174603175,16.264920634920635,13.289642857142857,18.881944444444443,16.563492063492063,40.101190476190474,55.97210317460318,44.029920634920636,84.1595238095238,14.411904761904761,60.351904761904756,39.650198412698415
2002/03,95.14565387627252,35.646436961628815,80.70242756460455,0.4426413469068129,5.1949882537196554,14.846515270164447,0.34438801879404857,18.657791699295224,24.613547376664055,0.7584259984338293,12.03484729835552,30.282302270947532,42.317149569303055,21.413860610806577,14.234142521534848,7.895849647611589,5.01018010963195,21.93030540328896,102.23817541111981,102.23817541111981,0.0,59.9698512137823,1.5738332028191073,16.526742364917776,68.83915426781519,50.00058731401723,52.064800313234144,92.27315583398591,50.000313234142524,47.4850430696946,0.3101374314800313,15.980305403288957,31.161785434612373,47.4850430696946,0.3101374314800313,15.980305403288957,31.161785434612373,16.258418167580267,13.652701644479249,12.332419733750978,38.04306969459671,16.258418167580267,13.652701644479249,12.332419733750978,38.04306969459671,81.60313234142521,18.399882537196557,64.21523101018012,24.196280344557557,16.16170712607674,12.915505090054815,19.626664056382147,17.155442443226313,40.02094753328113,55.55113547376664,44.45082223962412,83.25653876272514,14.355090054815976,59.9698512137823,40.03167580266249
2003/04,93.05035405192761,34.840283241542096,79.63021243115656,43.82726199842644,5.174272226593233,14.971282454760031,34.169944925255706,18.19669551534225,24.271439811172304,75.04901652242329,12.049567269866246,30.16876475216365,42.2183320220299,21.194335169158144,14.972069236821401,7.924468922108576,5.052714398111723,21.564909520062944,101.13166797797011,101.13166797797011,0.0,60.711290322580645,1.5504956726986625,16.518764752163648,68.66365066876475,50.00051140833989,51.59830841856805,91.32084972462629,50.00031471282455,47.081038552321004,0.3094622344610543,16.276278520849726,31.3375295043273,47.081038552321004,0.3094622344610543,16.276278520849726,31.3375295043273,16.079464988198268,13.352084972462627,12.043666404405979,37.70259638080252,16.079464988198268,13.352084972462627,12.043666404405979,37.70259638080252,81.2,18.802675059008656,63.92230527143981,23.418922108575924,16.495751376868608,12.85912667191188,19.58575924468922,17.32537372147915,40.50621557828482,56.27258064516129,43.72911093627065,84.28662470495674,14.53324154209284,60.711290322580645,39.290440597954365
2004/05,97.191400304414,35.917808219178085,80.2568493150685,44.861491628614914,5.634703196347032,15.844368340943683,35.1574200913242,19.72108066971081,26.104642313546425,75.52408675799086,11.99923896499239,29.8234398782344,41.82267884322679,21.119482496194824,14.449391171993911,7.470700152207002,4.904109589041096,22.683409436834093,104.64600456621005,104.64600456621005,0.0,58.784094368340945,1.5979756468797564,16.370091324200914,68.37614155251141,50.00034246575342,53.07210806697108,92.15884322678843,50.00015220700152,48.37743531202435,0.33089383561643837,15.548059360730594,31.625190258751903,48.37743531202435,0.33089383561643837,15.548059360730594,31.625190258751903,16.087138508371385,13.705479452054794,12.234779299847792,38.41019786910198,16.087138508371385,13.705479452054794,12.234779299847792,38.41019786910198,80.26742770167428,19.734779299847794,62.57031963470319,22.992161339421614,17.12941400304414,12.511415525114156,20.304071537290714,16.62808219178082,39.580821917808215,53.72355403348554,46.278462709284625,84.39277016742771,14.465829528158293,58.784094368340945,41.21697108066971
2005/06,97.06141015921152,35.8180439727066,78.87983320697498,45.522479150871874,5.745640636846096,16.065579984836997,35.383017437452615,19.679681576952238,26.37338893100834,74.53669446550417,11.12016679302502,29.778241091736163,40.898407884761184,20.46664139499621,14.360121304018195,7.112964366944655,4.669446550416983,22.841167551175133,104.98066717210007,104.98066717210007,0.0,57.05500379075057,1.556554207733131,16.096550416982563,69.71626231993935,50.00060652009098,53.734723275208495,91.61990902198636,50.00034116755117,49.1672100075815,0.3404992418498863,15.517172100075816,30.284912812736923,49.1672100075815,0.3404992418498863,15.517172100075816,30.285178165276726,15.890068233510235,13.028809704321455,11.747915087187263,38.64746019711903,15.890068233510235,13.028809704321455,11.747915087187263,38.64746019711903,79.6600833965125,20.342532221379834,62.192228961334344,22.280174374526155,17.533017437452614,12.055344958301744,20.27653525398029,16.422365428354812,39.91599696739954,51.75015163002274,48.25163002274451,84.19708112206217,14.438324488248675,57.05500379075057,42.946664139499624
2006/07,98.46791443850267,36.3903743315508,79.56760886172651,45.82887700534759,6.087853323147441,17.022154316271962,35.308976317799846,19.599312452253628,26.076394194041253,75.23342245989305,11.121466768525591,29.941558441558442,41.063025210084035,21.179526355996945,15.092436974789916,7.229182582123759,4.594728800611153,22.21886936592819,105.17547746371277,105.17547746371277,0.0,58.01753246753247,1.5246333078686019,16.419251336898395,69.82177234530175,50.00053475935829,54.16730328495034,92.79576776165011,50.00015278838808,49.65416348357525,0.33311841100076395,16.10183346065699,30.179297173414817,49.65416348357525,0.33311841100076395,16.10183346065699,30.179297173414817,16.854469060351413,13.111917494270436,12.034377387318564,39.680672268907564,16.854469060351413,13.111917494270436,12.034377387318564,39.680672268907564,78.64644766997708,21.356493506493507,61.784339190221544,21.44881588999236,18.304583651642474,12.134377387318564,19.913445378151263,17.150878533231474,40.33834988540871,52.35248281130634,47.649732620320854,85.46420932009167,13.619136745607335,58.01753246753247,41.98418640183346
2007/08,99.5919452887538,37.08282674772037,81.25189969604864,45.714095744680854,6.526975683890577,18.070288753799392,35.653951367781154,18.899316109422493,25.02241641337386,75.62997720364741,11.191489361702128,30.70212765957447,41.8936170212766,21.621960486322187,14.027735562310031,7.2287234042553195,4.747340425531915,21.126899696048632,106.17496200607903,106.17496200607903,0.0,58.20892857142857,1.6914703647416414,16.676253799392097,70.04255319148936,50.000303951367776,54.04855623100303,93.21832066869301,50.00007598784195,49.736360182370824,0.31269148936170216,14.928267477203645,29.95870060790274,49.736360182370824,0.31269148936170216,14.928267477203645,29.95870060790274,15.833586626139818,13.149316109422493,12.40387537993921,39.67325227963526,15.833586626139818,13.149316109422493,12.40387537993921,39.67325227963526,77.73852583586626,22.264437689969604,61.58009118541033,21.77845744680851,19.40858662613982,12.334156534954408,19.01493161094225,15.922454407294833,39.804825227963526,52.10155775075987,47.89981003039514,85.35843465045592,13.767781155015198,58.20892857142857,41.79255319148936
2008/09,99.73916349809886,36.97414448669201,80.68326996197719,45.910266159695816,6.661596958174905,18.197338403041826,36.24813688212928,19.129277566539923,24.84296577946768,76.97155893536122,10.96615969581749,30.233079847908744,41.199239543726236,20.849429657794676,13.98060836501901,7.2570342205323195,4.800760456273764,21.150570342205324,106.94733840304183,106.94733840304183,0.0,56.322053231939165,1.6366007604562738,16.282395437262355,70.0141825095057,50.000418250950574,54.51,92.55881368821292,50.00011406844106,50.05859315589354,0.31221749049429653,14.965589353612167,29.98680608365019,50.05859315589354,0.31221749049429653,14.965589353612167,29.98680608365019,15.995437262357415,13.098859315589353,12.204182509505703,39.866920152091254,15.995437262357415,13.098859315589353,12.204182509505703,39.866920152091254,77.38585551330797,22.617186311787073,61.00844106463879,20.996311787072244,19.843498098859317,12.161787072243346,19.148859315589352,16.072661596958174,40.01589353612167,49.790646387832695,50.21087452471483,85.39528517110266,14.148631178707225,56.322053231939165,43.67946768060836
2009/10,100.26333841463415,37.541158536585364,81.45846036585365,46.20495426829268,6.444740853658536,18.19359756097561,35.06848323170732,18.736280487804876,24.704268292682926,75.76108993902439,10.934451219512194,30.701981707317074,41.636432926829265,21.130335365853657,14.152820121951219,7.184451219512195,4.863185975609756,21.00952743902439,106.6594512195122,106.6594512195122,0.0,56.149733231707316,1.628997713414634,16.3547256097561,70.0795731707317,50.00068597560975,54.41227134146341,93.42749237804878,50.00026676829269,50.1797256097561,0.30766730182926827,15.027591463414634,29.920922256097562,50.1797256097561,0.30766730182926827,15.027591463414634,29.921379573170732,16.211890243902438,13.246570121951219,13.948932926829269,41.766006097560975,16.211890243902438,13.246570121951219,13.948932926829269,41.766006097560975,77.62130335365853,22.38189786585366,62.24462652439024,20.520655487804877,19.057926829268293,13.829535060975608,18.69935213414634,16.226524390243902,41.72530487804878,50.25586890243902,49.74607469512195,84.36505335365854,15.063376524390245,56.149733231707316,43.851333841463415
2010/11,99.20861937452327,37.04271548436308,80.98054919908466,45.853852021357746,6.435926773455377,18.007246376811594,35.262852784134246,18.687261632341723,24.45575896262395,76.3201754385965,10.914569031273837,30.430205949656752,41.34477498093059,21.308924485125857,14.207475209763539,7.308924485125858,4.897025171624714,20.76048817696415,106.22948131197559,106.22948131197559,0.0,57.42162471395881,1.6327879481311975,16.565636918382914,69.9684591914569,50.000610221205186,54.17768878718535,92.64285278413425,50.00015255530129,49.84302059496567,0.30628756674294433,15.199084668192219,30.03203661327231,49.84302059496567,0.30628756674294433,15.199084668192219,30.032799389778795,16.143783371472157,13.092295957284515,13.807780320366133,41.170099160945846,16.143783371472157,13.092295957284515,13.807780320366133,41.170099160945846,77.72356979405035,22.27883295194508,61.92646834477499,20.36796338672769,19.2534706331045,13.867620137299772,18.821052631578947,16.297902364607168,41.56125095347063,51.47265446224256,48.52932875667429,85.55007627765065,14.030587337909992,57.42162471395881,42.579519450800916
2011/12,95.98929236499069,36.32169459962756,81.22206703910615,44.81024208566108,6.371973929236499,18.33240223463687,34.24040968342644,16.973929236499067,22.554003724394786,75.33635940409684,11.313780260707635,30.815176908752328,42.128957169459966,20.772811918063315,14.486033519553073,7.646648044692737,5.125698324022347,19.693202979515828,103.46545623836126,103.46545623836126,0.0,57.11596834264432,1.5694692737430167,16.231424581005587,69.71182495344506,50.00046554934823,52.76243016759776,92.071843575419,50.00013966480447,48.74925512104283,0.2817881750465549,15.594040968342645,30.28826815642458,48.74925512104283,0.2817881750465549,15.594040968342645,30.289152700186218,16.27467411545624,13.134078212290502,13.201117318435754,40.87616387337058,16.27467411545624,13.134078212290502,13.201117318435754,40.87616387337058,77.36866852886406,22.63477653631285,62.59669459962757,20.00041899441341,19.689059590316575,13.693947858472997,17.716945996275605,17.022392923649907,42.597765363128495,51.3493947858473,48.65293296089386,83.50386405959031,15.704748603351957,57.11596834264432,42.88556797020484
2012/13,97.94634703196347,36.99961948249619,81.85121765601218,45.324657534246576,7.1567732115677325,20.003424657534246,35.443911719939116,16.790334855403348,22.30517503805175,75.37427701674277,11.125190258751903,30.960045662100455,42.08523592085236,21.95357686453577,14.505327245053273,7.7534246575342465,5.115677321156773,19.995433789954337,104.75433789954339,104.75433789954339,0.0,59.21735159817352,1.6451864535768645,16.921270928462707,70.00357686453577,50.00053272450533,53.55506088280061,92.77971841704719,50.00026636225267,49.716933028919335,0.27653348554033486,15.49638508371385,29.99729832572298,49.716933028919335,0.27653348554033486,15.49638508371385,29.99779299847793,16.504946727549466,13.243531202435312,13.080289193302892,41.545662100456624,16.504946727549466,13.243531202435312,13.080289193302892,41.545662100456624,75.50315829528158,24.499771689497717,61.18508371385084,18.697260273972603,21.648287671232875,13.299619482496196,17.166894977168948,16.892161339421612,42.490601217656014,52.97762557077626,47.024010654490105,84.99151445966515,14.818493150684931,59.21735159817352,40.784132420091325
2013/14,100.91015921152388,37.62357846853677,82.79416224412434,45.58404094010614,7.763457164518575,21.589082638362395,35.7194086429113,17.899545109931765,23.661865049279758,75.72498104624715,10.867702805155421,31.7710386656558,42.63874147081122,21.856330553449585,14.558377558756634,7.640636846095527,4.688779378316907,20.78847611827142,105.83108415466263,105.83108415466263,0.0,58.0040940106141,1.6339916603487492,16.655193328279,70.8962092494314,50.00018953752843,54.28157695223654,94.58704321455647,50.00011372251706,50.29897649734648,0.28990295678544353,15.246019711902957,29.10477634571645,50.29897649734648,0.28990295678544353,15.246019711902957,29.10477634571645,16.548521607278243,13.084533737680061,13.249810462471569,42.200151630022745,16.548521607278243,13.084533737680061,13.249810462471569,42.200151630022745,73.85591357088704,26.14772554965883,59.41648976497347,17.52456406368461,22.853752843062924,13.038286580742987,17.7303260045489,16.430288097043213,41.89310083396513,51.39950720242608,48.602084912812735,83.48866565579985,16.47369219105383,58.0040940106141,41.9970053070508
2014/15,100.04729214340199,37.47177726926011,83.62509534706331,44.92562929061785,7.9038901601830664,22.607170099160946,34.72906178489703,17.199847444698705,22.977879481311977,74.95144927536232,10.894736842105264,32.50610221205187,43.40083905415713,22.016399694889397,14.300915331807781,7.727307398932113,4.830282227307399,20.317315026697177,104.77212051868803,104.77212051868803,0.0,58.706903127383676,1.6900800915331808,16.724218154080855,71.06556064073226,50.00026697177727,53.488749046529364,94.75067887109077,50.00015255530129,49.670099160945846,0.2785511060259344,14.94553775743707,28.935469107551487,49.670099160945846,0.2785511060259344,14.94553775743707,28.935736079328755,16.127765064836,13.236842105263158,13.12929061784897,42.048054919908466,16.127765064836,13.236842105263158,13.12929061784897,42.048054919908466,72.93821510297482,27.063996948893976,59.34351639969489,17.207055682684974,23.46422578184592,13.048245614035087,17.194584286803966,16.163615560640732,42.13878718535469,51.917086193745234,48.08482074752097,84.22135774218154,15.664645308924484,58.706903127383676,41.294469870327994
2015/16,102.48556231003039,38.12727963525836,84.47720364741642,45.248138297872345,8.55775075987842,24.191869300911854,35.1745820668693,17.673252279635257,23.37386018237082,75.89851823708206,10.420212765957446,33.286854103343465,43.70706686930091,22.131838905775076,14.304711246200608,7.812310030395137,4.956686930091186,20.31838905775076,105.62351823708205,105.62351823708205,0.0,57.93271276595745,1.6937841945288754,16.663753799392097,72.28529635258359,50.000265957446814,54.19585866261398,96.37342705167173,50.00015197568389,50.33202887537994,0.2805554711246201,14.706306990881458,27.713791793313067,50.33202887537994,0.2805554711246201,14.706306990881458,27.715767477203645,16.2040273556231,12.736322188449847,13.094224924012158,42.672492401215806,16.2040273556231,12.736322188449847,13.094224924012158,42.672492401215806,71.32936930091185,28.673252279635257,57.93731003039514,16.20330547112462,24.814589665653497,12.67256838905775,17.247796352583585,15.83248480243161,41.73354863221884,50.46607142857143,49.53582826747721,83.71439969604863,16.21052431610942,57.93271276595745,42.06838905775076
2016/17,105.61802902979373,39.01718869365928,85.30672268907563,45.84113827349122,9.705118411000765,27.12681436210848,35.673567608861724,17.878533231474407,23.155080213903744,77.14900687547747,10.110771581359817,33.29755538579068,43.408326967150494,22.59816653934301,13.91405653170359,7.694041252864782,4.739877769289534,19.9511077158136,108.35817417876243,108.35817417876243,0.0,57.777158135981665,1.782009167303285,16.925095492742553,72.65133689839573,50.00034377387318,55.419786096256686,96.87255920550038,50.00042016806723,51.56226126814362,0.2748357524828113,14.247097020626432,27.348701298701297,51.56226126814362,0.2748357524828113,14.247097020626432,27.34988540870894,16.086325439266616,12.772727272727273,13.156226126814362,43.51489686783805,16.086325439266616,12.772727272727273,13.156226126814362,43.51489686783805,68.13330786860199,31.869251336898394,55.73712757830405,14.431627196333078,27.338197097020625,12.371734148204737,16.92192513368984,15.256378915202443,41.306264323911385,49.37387318563789,50.62780748663102,83.53563789152024,16.465584415584416,57.777158135981665,42.22398777692895
2017/18,106.21532012195122,39.530868902439025,85.94626524390245,46.08407012195122,10.491615853658537,29.056783536585368,36.052172256097556,16.661966463414632,21.725609756097562,76.82358993902439,9.678734756097562,33.794969512195124,43.473704268292686,23.147484756097562,14.196265243902438,7.690929878048781,4.815548780487805,19.9077743902439,107.87557164634147,107.87557164634147,0.0,58.41932164634146,1.7740548780487804,17.154230182926828,73.54108231707316,50.00049542682926,55.72313262195122,97.92177591463414,50.00026676829269,52.21737804878049,0.2558464176829268,14.402820121951219,26.46017530487805,52.21737804878049,0.2558464176829268,14.402820121951219,26.46017530487805,16.33155487804878,12.346798780487806,12.123094512195122,44.989329268292686,16.33155487804878,12.346798780487806,12.123094512195122,44.989329268292686,66.09801829268294,33.904192073170734,54.833536585365856,12.394588414634146,29.456821646341464,11.362309451219513,15.708231707317074,15.411471036585365,42.43837652439024,49.64233993902439,50.35964176829269,83.04249237804878,16.959146341463416,58.41932164634146,41.58170731707317
2018/19,110.98932926829268,40.919969512195124,89.06897865853658,46.031173780487805,11.363185975609756,32.066692073170735,35.450724085365856,17.786204268292682,23.174923780487806,76.80133384146342,10.338414634146341,34.81707317073171,45.15548780487805,24.488185975609756,14.041539634146341,7.599085365853658,4.948170731707317,20.984375,109.68666158536585,109.68666158536585,0.0,59.80762195121952,1.9143940548780487,17.52145579268293,73.025,50.00034298780488,56.00907012195122,100.5076600609756,50.00019054878049,52.42842987804878,0.26340320121951216,13.85282012195122,26.976410060975613,52.42842987804878,0.26340320121951216,13.85282012195122,26.976410060975613,16.383384146341463,13.232088414634147,13.818216463414634,48.240091463414636,16.383384146341463,13.232088414634147,13.818216463414634,48.240091463414636,63.95015243902439,36.05118140243903,53.432850609756095,9.847827743902439,30.528010670731707,12.401714939024389,16.03708079268293,14.787385670731707,43.58395579268293,51.25609756097561,48.74554115853659,82.3983612804878,17.604192073170733,59.80762195121952,40.193216463414636
2019/20,111.64610673665791,40.71741032370954,88.53849518810149,46.09654418197725,12.275153105861767,34.271216097987754,35.783945756780405,17.936132983377078,23.171041119860018,77.2346019247594,9.983814523184602,34.72659667541557,44.71041119860018,24.27602799650044,14.504374453193352,7.60498687664042,4.854768153980753,20.848206474190725,110.19453193350832,110.19453193350832,0.0,59.7082239720035,1.8422134733158355,17.43928258967629,73.51058617672791,50.00021872265967,56.661592300962376,100.62374453193351,50.0005249343832,53.0569116360455,0.2649173228346457,14.287926509186352,26.490244969378825,53.0569116360455,0.2649173228346457,14.287926509186352,26.490244969378825,16.763779527559056,12.8915135608049,13.220034995625547,47.26071741032371,16.763779527559056,12.8915135608049,13.220034995625547,47.26071741032371,61.24339457567804,38.757786526684164,51.138538932633416,8.661286089238846,32.79693788276465,11.830621172353455,16.06382327209099,15.085608048993874,42.4758530183727,50.278871391076116,49.72261592300962,81.83057742782152,18.171609798775155,59.7082239720035,40.292344706911635
2020/21,111.97053800170794,41.14133219470538,88.33774551665243,46.65204953031597,12.677625960717336,34.60333048676345,36.50849701110162,17.010247651579846,21.85738684884714,77.91554227156277,9.844150298889838,34.412894961571304,44.25704526046115,24.598206660973528,13.716908625106747,7.509820666097353,4.848847139197267,19.385140905209223,111.85213492741248,111.85213492741248,0.0,59.82553373185311,1.9768403074295475,17.8101195559351,73.6831340734415,50.0002561912895,57.26571306575576,99.55602049530316,50.00034158838599,53.857344150298886,0.25022843723313404,13.67198975234842,26.318232280102478,53.857344150298886,0.25022843723313404,13.67198975234842,26.318232280102478,16.29547395388557,12.94064901793339,12.344150298889838,47.362937660119556,16.29547395388557,12.94064901793339,12.344150298889838,47.362937660119556,60.72690008539709,39.274679760888134,51.00264730999146,8.558838599487617,33.77280102476516,11.01336464560205,15.223569598633645,14.593552519214347,42.44363791631085,49.843381725021345,50.15802732707088,82.41460290350128,17.58877028181042,59.82553373185311,40.175491033304866
2021/22,110.3219954648526,40.4546485260771,87.80045351473923,46.164550264550265,12.421768707482993,35.12018140589569,35.31560846560847,16.990929705215418,21.92517006802721,77.61696900982615,10.270975056689343,34.016250944822374,44.28722600151172,24.523809523809526,13.75321239606954,7.5880574452003025,4.700680272108843,19.769463340891914,111.36919879062737,111.36919879062737,0.0,60.555177626606195,1.9436999244142101,17.827513227513226,72.75967498110356,50.00030234315948,56.71889644746788,98.56867724867725,50.000377928949355,53.26730914588057,0.2528439153439153,13.862396069538928,27.241194255479968,53.26730914588057,0.2528439153439153,13.862396069538928,27.241194255479968,16.25774754346183,13.264172335600907,12.456538170823885,46.925925925925924,16.25774754346183,13.264172335600907,12.456538170823885,46.925925925925924,59.90680272108843,40.094935752078605,50.953665910808766,8.322562358276643,33.60665154950869,11.251209372637945,15.43745275888133,14.771882086167802,42.63083900226757,51.023204837490546,48.97853363567649,82.20956160241874,17.793575207860922,60.555177626606195,39.445767195767196
2022/23,114.33030303030303,41.84659090909091,88.22613636363636,47.55621212121212,12.314772727272727,34.21363636363636,35.864886363636366,18.322348484848487,23.41439393939394,78.29272727272726,10.429545454545455,32.99280303030303,43.422348484848484,25.211363636363636,14.01098484848485,7.260984848484848,4.668181818181818,19.954166666666666,114.01992424242424,114.01992424242424,0.0,60.28579545454546,1.9722462121212119,18.07715909090909,72.1755303030303,50.0005303030303,58.17424242424242,99.59918181818183,50.000151515151515,54.56943181818181,0.2684988636363636,13.94314393939394,27.825530303030302,54.56943181818181,0.2684988636363636,13.94314393939394,27.825530303030302,16.83409090909091,13.617045454545455,13.938636363636364,50.22878787878788,16.83409090909091,13.617045454545455,13.938636363636364,50.22878787878788,61.14333333333333,38.85856060606061,51.791893939393944,7.761022727272727,32.143181818181816,12.192386363636365,16.063750000000002,14.755340909090908,44.03102272727273,50.882045454545455,49.11962121212121,83.00765151515152,16.995151515151512,60.28579545454546,39.71537878787879
2023/24,113.64605462822458,41.962822458270104,88.62101669195751,47.43182852807284,12.763657056145675,34.992412746585735,36.40250379362671,16.956752655538693,21.624810318664643,78.30823216995448,10.52731411229135,32.910470409711685,43.437784522003035,26.44802731411229,13.513277693474961,7.407814871016692,5.117981790591806,18.743550834597876,114.43448406676782,114.43448406676782,0.0,63.02655538694992,2.1522761760242792,18.89742033383915,71.85716995447648,50.00034142640364,58.00144157814871,98.79568285280729,50.00018968133536,54.653831562974204,0.24703262518968133,13.592640364188163,28.14389226100152,54.653831562974204,0.24703262518968133,13.592640364188163,28.14389226100152,16.32701062215478,13.701062215477997,14.250758725341427,49.96054628224583,16.32701062215478,13.701062215477997,14.250758725341427,49.96054628224583,60.481525037936265,39.520257966616086,51.51885432473445,7.451062215477997,33.524544764795145,12.524203338391503,14.95318664643399,14.416881638846737,44.06911987860394,53.79677541729893,46.204779969650986,84.24081942336873,15.76293626707132,63.02655538694992,36.974355083459784
2024/25,113.4939393939394,41.51590909090909,89.00492424242424,46.7373106060606,13.463257575757575,37.41704545454545,35.94867424242424,16.998863636363637,21.806060606060605,77.95083333333334,11.114772727272728,32.901893939393936,44.016666666666666,26.299621212121213,13.475,8.185984848484848,4.884469696969697,18.735984848484847,113.64670454545454,113.64670454545454,0.0,63.263068181818184,2.0290984848484848,18.616098484848486,70.78977272727273,50.00034090909091,57.66439393939394,99.35991666666666,0.5000022727272727,54.31920454545455,0.2483337121212121,14.283863636363638,29.21098484848485,54.31920454545455,0.2483337121212121,14.283863636363638,29.21098484848485,17.358333333333334,14.179166666666667,15.311363636363636,48.77348484848485,17.358333333333334,14.179166666666667,15.311363636363636,48.77348484848485,57.94704545454546,42.05443181818182,49.580909090909095,6.492500000000001,35.39375,13.45469696969697,15.023522727272727,15.309810606060607,43.08863636363636,53.73261363636364,46.26931818181818,83.17545454545456,16.828030303030303,63.263068181818184,36.73844696969697
