TEAM_NAME,YEAR,TR_RATING_PRE,TR_RATING_DELTA,TR_RATING_ROLL5,TR_RATING_ROLL10
Atlanta Hawks,1996,1670.750787463076,5.773206716354821,1673.4821240416181,1670.7486923473875
Atlanta Hawks,1997,1630.0074766796492,3.898491907142784,1635.196388596,1649.2550563573973
Atlanta Hawks,1998,1645.7839637378945,8.364069046240957,1645.9014639610534,1641.0575524765707
Atlanta Hawks,1999,1491.6488773188983,-9.216624059582728,1494.3382325772168,1498.0341381506742
Atlanta Hawks,2000,1359.6707681020775,-5.7491532208824765,1360.4911608204857,1359.1805532850701
Atlanta Hawks,2001,1423.8178344462874,-5.204638150473556,1418.6773021835565,1412.512014049954
Atlanta Hawks,2002,1463.866129690877,-7.173193784934256,1458.659224855427,1459.916926927172
Atlanta Hawks,2003,1422.219595058807,-8.731264590698288,1423.2520813172769,1428.8067382644633
Atlanta Hawks,2004,1335.658609994086,-6.630984428513216,1341.3233831008686,1341.2667514166255
Atlanta Hawks,2005,1328.6227320707085,-4.118821923533801,1319.8267626774698,1314.6355535018806
Atlanta Hawks,2006,1421.921268551988,-8.0354112090954,1421.4998704029601,1421.0712905053733
Atlanta Hawks,2007,1476.7357529470432,-5.406837460369616,1472.728590312109,1471.4529462540054
Atlanta Hawks,2008,1579.012320198765,5.958451181820237,1577.4321657291057,1576.5444575196495
Atlanta Hawks,2009,1633.4338326378984,6.602126593401181,1630.7587445952113,1626.5472579320137
Atlanta Hawks,2010,1597.2330545384352,4.400731324298704,1600.7936929708626,1603.3024870420618
Atlanta Hawks,2011,1587.924999517234,5.75327284972559,1585.2346904198107,1581.5453488503479
Atlanta Hawks,2012,1560.0765177829846,4.6174432690617095,1562.5842990710087,1560.6669431640892
Atlanta Hawks,2013,1515.0716535985948,-6.81225124372645,1517.2737491569874,1520.6125752673172
Atlanta Hawks,2014,1682.0381545824603,7.307111766776188,1683.44615108678,1678.2636462249052
Atlanta Hawks,2015,1600.5416707241548,6.076879882358071,1596.0074604290694,1598.089103671969
Atlanta Hawks,2016,1569.7468809735744,2.4720026737729768,1568.475046538124,1574.5320143985884
Atlanta Hawks,2017,1412.8455879519565,-8.023868847370409,1412.55458797373,1411.9899644413726
Atlanta Hawks,2018,1411.4945654901107,-5.8399116564393125,1415.4099097417318,1410.4017170238453
Atlanta Hawks,2019,1411.666643447598,-5.990283788820761,1410.2314697509887,1408.9041613370448
Atlanta Hawks,2020,1542.2867319875115,10.18035809679759,1539.023006471185,1519.8476314565914
Atlanta Hawks,2021,1580.8882991785904,5.303461691742086,1577.4603226395216,1577.1138733389566
Atlanta Hawks,2022,1546.0699951628617,-9.091601592421512,1541.1908065745993,1540.6579509495778
Atlanta Hawks,2023,1509.3454158745496,-9.778025621362758,1513.3342789881058,1510.902164343155
Atlanta Hawks,2024,1499.7600802158545,-5.632797150516126,1496.7680254273466,1504.1250389142342
Boston Celtics,1996,1366.4787589606788,-5.185650472842099,1371.6125725467364,1380.5787788662146
Boston Celtics,1997,1465.0121274961466,-4.049891123573616,1465.3326883087923,1470.7458384274319
Boston Celtics,1998,1470.956089259964,-9.011086688217574,1475.7977004249453,1475.2656806864918
Boston Celtics,1999,1494.5176731384913,-7.27699145132965,1494.696243707482,1493.5764129675767
Boston Celtics,2000,1495.2522509958042,-6.501739854825473,1489.5694393093413,1485.9436632646953
Boston Celtics,2001,1559.863974589874,9.881356269472917,1556.2833944813879,1555.4403450410878
Boston Celtics,2002,1579.1108574350644,4.7552501198248365,1576.7254378544067,1574.222840342418
Boston Celtics,2003,1486.150394719853,-7.475477741713007,1492.624745396026,1491.389108527209
Boston Celtics,2004,1519.6989757924955,6.0864237836349275,1508.0844214232739,1505.7574551695748
Boston Celtics,2005,1496.1831896078174,-7.3965797791483965,1495.6753205338186,1498.8617315669721
Boston Celtics,2006,1394.1716806289583,-7.021234478539554,1399.859569481191,1407.581517388866
Boston Celtics,2007,1698.3664538116245,7.399018152931831,1697.9285237527197,1696.6400172786134
Boston Celtics,2008,1767.7500138859252,4.675466602451706,1770.0187225858863,1767.557373545169
Boston Celtics,2009,1646.6351076189449,5.926274976461514,1642.1549990258732,1650.229920490942
Boston Celtics,2010,1714.0017383671827,5.145539816689279,1718.837303066834,1724.357288241255
Boston Celtics,2011,1596.6346059745422,6.632549618810458,1591.5124650907933,1590.232293638248
Boston Celtics,2012,1585.2004263400115,-7.002512220466315,1588.3522448842475,1586.2942025074128
Boston Celtics,2013,1413.0434963929497,-6.977904096965517,1413.101042094614,1428.220482313422
Boston Celtics,2014,1414.3630402847398,-3.671488287787838,1409.0801478203166,1396.1965050912736
Boston Celtics,2015,1590.261017308141,5.892845198383384,1590.833755524015,1587.1634665125875
Boston Celtics,2016,1640.4061471136993,7.006802965930319,1641.0495502739373,1644.7204239840044
Boston Celtics,2017,1660.4231354169733,6.602420639662796,1659.445853888795,1652.5300903843458
Boston Celtics,2018,1628.7456879347385,5.901905910835694,1626.1073917270319,1621.533132151164
Boston Celtics,2019,1675.545349378299,5.990283788820761,1675.6268892718865,1673.8728198174508
Boston Celtics,2020,1578.4826207151,-8.95577940010105,1578.0198656659763,1584.9331616084046
Boston Celtics,2021,1583.679184413716,8.416687154347983,1560.3713223354036,1555.0679956904078
Boston Celtics,2022,1693.6441479011987,6.520007436981132,1692.1198138744949,1693.2362850654727
Boston Celtics,2023,1760.540273230937,7.026791769892952,1758.3553426590493,1758.0713493736935
Boston Celtics,2024,1752.055155371468,3.9642943547833056,1755.9113631056164,1757.930754282738
Brooklyn Nets,1996,1378.0616692101248,-4.8421950378552765,1380.5339466966248,1378.602958718741
Brooklyn Nets,1997,1531.5762556409868,4.1401889377559655,1533.3876696034138,1531.2418613857976
Brooklyn Nets,1998,1454.1315360079368,-8.12670791027972,1453.982499868608,1451.5997347916646
Brooklyn Nets,1999,1476.2135674792244,-7.4843614115890205,1474.4498652803704,1477.975637456059
Brooklyn Nets,2000,1402.3061240087095,-6.820669418065336,1403.7513717863985,1408.8702553009205
Brooklyn Nets,2001,1606.4040650267546,9.757108843914011,1605.1002370705055,1596.0153278166654
Brooklyn Nets,2002,1645.7227710221314,7.246055335693313,1649.7192901963977,1646.490187983174
Brooklyn Nets,2003,1608.2397921422707,6.891730812795004,1607.8225952239707,1609.29338282656
Brooklyn Nets,2004,1522.6707278441681,-6.144976856534413,1525.5967387025876,1526.2357716724223
Brooklyn Nets,2005,1595.0987845988502,6.989144393443894,1593.928869945573,1593.1737000622975
Brooklyn Nets,2006,1527.9841662567892,1.8251834019000626,1522.175235794831,1525.9693671542104
Brooklyn Nets,2007,1485.3683918667223,-7.454318401149067,1491.2598912950082,1505.0821437779841
Brooklyn Nets,2008,1476.36610438759,-6.13646888096423,1473.1456398111945,1472.7829447052538
Brooklyn Nets,2009,1278.947692113493,-4.553048005867026,1282.6531714192256,1278.2855908953418
Brooklyn Nets,2010,1349.3198906382252,-4.8314490310172005,1342.5714898893893,1339.5793389548865
Brooklyn Nets,2011,1354.8462186144352,-5.095608360406231,1358.258672622907,1356.8596804281315
Brooklyn Nets,2012,1565.900567084319,8.635382706777591,1572.2681495513043,1573.4573347500886
Brooklyn Nets,2013,1575.9013148084914,5.107849895014169,1577.888701637642,1576.8440557036
Brooklyn Nets,2014,1512.951117938439,-6.928272780317343,1515.4508265775698,1514.0989834833877
Brooklyn Nets,2015,1415.8611949060942,-8.94729282115918,1421.3792121683696,1434.183048009147
Brooklyn Nets,2016,1309.653627586989,-4.270229210012985,1315.4301077640594,1315.387301849332
Brooklyn Nets,2017,1404.0015839192379,-6.370588745981081,1399.2527713012016,1394.1833414998973
Brooklyn Nets,2018,1524.8856699552498,-3.469197435297474,1524.0016459120477,1519.5312782481647
Brooklyn Nets,2019,1509.0760736240582,-6.50365690980982,1508.6188821934995,1508.7589463246409
Brooklyn Nets,2020,1647.944205292195,8.901236540014338,1647.5498955964727,1646.9132510152517
Brooklyn Nets,2021,1607.8178465962014,3.85038074827321,1608.8883261290416,1620.4004526080819
Brooklyn Nets,2022,1566.9311430258444,5.679975418800723,1560.5795667215373,1564.0560934139098
Brooklyn Nets,2023,1459.3040712409143,-7.269200939240932,1457.0522205461364,1462.1037882971345
Brooklyn Nets,2024,1415.9356732081396,-6.603383697842787,1424.595610375361,1424.822119512618
Charlotte Hornets,1996,1617.3418049908908,5.903362013113565,1610.4208776583866,1603.6949768908646
Charlotte Hornets,1997,1654.5535226202292,5.539525460668756,1653.5844895018695,1655.8183538199435
Charlotte Hornets,1998,1577.5639353630957,-1.0663107328158503,1577.430117505881,1570.8563866445825
Charlotte Hornets,1999,1616.1114212282625,6.847530592956559,1614.587503662154,1608.887539173518
Charlotte Hornets,2000,1613.0124722095113,5.717451478555859,1611.4746019430413,1610.6857878728129
Charlotte Hornets,2001,1548.6936594677538,6.472716650021312,1547.2074775115075,1550.564772983941
Charlotte Hornets,2004,1349.4188461803537,-6.905353995361111,1351.841550109225,1363.4548100088164
Charlotte Hornets,2005,1352.8313685198032,-4.998736796736921,1351.2686520564273,1348.3296086190962
Charlotte Hornets,2006,1444.490564105372,-7.304575399750661,1438.1795754679538,1435.556763299227
Charlotte Hornets,2007,1453.92801387391,-7.140735271123276,1450.8059888366279,1446.4151791978884
Charlotte Hornets,2008,1472.6008059188628,-6.738764765609631,1468.9846937214584,1465.5946265727148
Charlotte Hornets,2009,1545.5212946808501,5.158665148306454,1539.7678155337107,1540.2118437066033
Charlotte Hornets,2010,1491.3730383241832,-7.280272402895321,1490.6370699204804,1493.526137277548
Charlotte Hornets,2011,1281.4623181367997,-5.756482701939831,1280.1171828577446,1281.9851854574915
Charlotte Hornets,2012,1263.8229587397204,-3.6357725793277496,1260.5444798247645,1259.0198634921876
Charlotte Hornets,2013,1449.8035987361231,3.6530156865593426,1441.7197555390185,1436.7478882485025
Charlotte Hornets,2014,1487.2346926075097,-9.06776464273014,1493.6493722531354,1503.1546893434702
Charlotte Hornets,2015,1536.666087506541,6.0968206035654475,1531.6564504920802,1527.0552452287072
Charlotte Hornets,2016,1538.5265524150818,-7.802197620383367,1538.118594323667,1550.8225246894226
Charlotte Hornets,2017,1483.8717647068893,-8.046506467519862,1486.588317464182,1488.0449269480418
Charlotte Hornets,2018,1499.068742918447,-5.983351885529373,1500.1111350883243,1496.8523824056108
Charlotte Hornets,2019,1447.5416718092847,-6.987373425450869,1453.6009078054117,1458.8891092887275
Charlotte Hornets,2020,1507.2057648751031,-8.116906926011552,1507.2888063142498,1506.845089202871
Charlotte Hornets,2021,1523.2584143048475,7.327667860602332,1521.4430286797112,1518.490374104218
Charlotte Hornets,2022,1432.6899138075137,-9.190237412215197,1437.3334727468914,1441.6769737599625
Charlotte Hornets,2023,1357.5367221782722,-6.070385870855603,1364.4778378195215,1360.0900821897399
Charlotte Hornets,2024,1327.8323594789645,-5.829255616614432,1328.569583691115,1327.4692140683617
Chicago Bulls,1996,1886.8892242968984,3.0376974265727767,1885.7040611605905,1888.2965007275336
Chicago Bulls,1997,1794.9013913621025,5.058825946312027,1794.0971031148176,1794.2914317173447
Chicago Bulls,1998,1579.606567169652,-11.917067724064509,1588.6882990272538,1601.1378156771239
Chicago Bulls,1999,1334.9476860818122,-6.427047364296527,1336.0465869089026,1343.9360665293962
Chicago Bulls,2000,1254.5859524104656,-3.8940705549496215,1254.5009564554116,1258.3068336742756
Chicago Bulls,2001,1304.0330210336806,-5.611204602361681,1303.6763042304833,1294.7978552875873
Chicago Bulls,2002,1406.3312615243428,-6.757648547990357,1402.763828905071,1400.4579245909104
Chicago Bulls,2003,1394.069852863709,-6.881387530826146,1405.196432815337,1409.6048699114858
Chicago Bulls,2004,1551.6607476905128,6.018491175447139,1550.114308856585,1548.7607157426512
Chicago Bulls,2005,1516.4806831744872,-6.03418624460835,1509.9956324975487,1508.2175434847913
Chicago Bulls,2006,1596.5540389007288,8.889133851246243,1592.9028678998347,1592.2038340023394
Chicago Bulls,2007,1497.0608349980148,-8.531458320007573,1504.289103697965,1513.3202923909148
Chicago Bulls,2008,1498.5057709763682,7.297557503951566,1501.6954254853842,1498.1638272453504
Chicago Bulls,2009,1547.3979063983036,-4.565599437421042,1544.4584853359622,1545.7151896498797
Chicago Bulls,2010,1678.403396534073,6.125714724846716,1675.231824251629,1668.4473469145723
Chicago Bulls,2011,1725.405048832973,4.794090895302702,1723.7869722302426,1726.6548067017056
Chicago Bulls,2012,1601.456703215882,4.644411421796008,1608.3837690735572,1612.1091015592929
Chicago Bulls,2013,1574.2842346551315,5.723728460251095,1576.8578941882465,1580.3584584324017
Chicago Bulls,2014,1609.556669153546,6.518713857126613,1609.145390980677,1611.2456251950343
Chicago Bulls,2015,1575.280415222235,-1.0499703191121625,1582.6638660855508,1598.5859107641904
Chicago Bulls,2016,1531.751128505426,-0.2678462543342448,1527.8678578495683,1524.4541650167514
Chicago Bulls,2017,1455.8610914789015,-8.264211626956808,1460.582516425301,1464.2110092758771
Chicago Bulls,2018,1356.7913459384642,-5.770171278671,1359.8941989167442,1359.5937724894643
Chicago Bulls,2019,1380.1387187457312,-6.20381327364089,1378.8651084951837,1381.4453545464678
Chicago Bulls,2020,1443.861431522299,-6.304591323565546,1445.8786760912708,1446.676465263783
Chicago Bulls,2021,1581.2512268449054,7.0597493341747395,1581.5277836577209,1587.7380257502248
Chicago Bulls,2022,1521.5909194205092,-7.400861803162684,1519.947779485958,1518.7128580313674
Chicago Bulls,2023,1538.086662112852,-6.248148525060287,1542.647778316429,1541.8634711284826
Chicago Bulls,2024,1494.0012258732777,-4.422527494023598,1497.6805275340712,1498.877909625601
Cleveland Cavaliers,1996,1570.5104010680775,4.752610403734366,1577.539744168078,1578.7210531602036
Cleveland Cavaliers,1997,1599.5613433162134,5.513339353670972,1599.4705442163468,1588.2943096933063
Cleveland Cavaliers,1998,1596.7519835786031,-9.566482153079164,1595.6498015305692,1603.786566628457
Cleveland Cavaliers,1999,1459.6884284499881,-7.1804867779896995,1455.7730563968921,1460.687167650242
Cleveland Cavaliers,2000,1457.6592093903043,-6.257378388722259,1462.3017158117227,1461.7510985440813
Cleveland Cavaliers,2001,1411.0560637114622,-7.213890590229994,1410.2477756020826,1405.1780620666304
Cleveland Cavaliers,2002,1314.7947877297925,-5.535368579131045,1321.694442804515,1327.488662536929
Cleveland Cavaliers,2003,1406.9926134037723,-5.31938565549558,1382.5456241747788,1378.878392774846
Cleveland Cavaliers,2004,1546.143077825565,6.0886433527518875,1554.2241607314138,1551.3227851307824
Cleveland Cavaliers,2005,1588.162548872152,9.377480747511527,1584.4689007028232,1576.8270745519776
Cleveland Cavaliers,2006,1623.9641539886015,7.639335069359845,1624.3881900076267,1620.6497263399106
Cleveland Cavaliers,2007,1597.3930730168106,6.429034538430187,1597.9231373481693,1601.2220968198524
Cleveland Cavaliers,2008,1736.697426351811,5.5736430042825305,1732.2453316946103,1731.072749894333
Cleveland Cavaliers,2009,1757.31596034066,4.219605072155673,1759.5892808336077,1765.0935858389162
Cleveland Cavaliers,2010,1339.480610797689,-6.736578458908298,1338.5787575976315,1356.576625923571
Cleveland Cavaliers,2011,1391.7564817099878,-6.097591997762379,1392.85667533119,1392.511760116704
Cleveland Cavaliers,2012,1357.0692806096224,-5.0343863991543,1354.1469749951366,1352.8425874916536
Cleveland Cavaliers,2013,1410.4287599445784,-5.942018100836435,1403.92723369212,1399.6620203550262
Cleveland Cavaliers,2014,1616.0307483269476,9.93926230089744,1613.537924214072,1587.4725874419805
Cleveland Cavaliers,2015,1726.0839807268255,6.004412071423303,1727.3501186940157,1723.284861474848
Cleveland Cavaliers,2016,1700.5528046468862,5.155229056013468,1699.3656258276224,1693.5554526591866
Cleveland Cavaliers,2017,1633.1648861647654,6.070383592541248,1635.7410345012984,1633.8731469051222
Cleveland Cavaliers,2018,1398.591302212224,-8.556167740802266,1402.3817518966425,1414.1255000180468
Cleveland Cavaliers,2019,1343.8293914789065,-4.666452396824752,1348.101747512331,1347.7328077285147
Cleveland Cavaliers,2020,1408.0736934978963,-7.392136010988679,1410.8948916781533,1410.5044269312164
Cleveland Cavaliers,2021,1535.5512274514676,7.975126793804407,1542.8487264181526,1543.7363179460835
Cleveland Cavaliers,2022,1588.8850679079965,8.454106533316008,1586.386912428155,1585.7474826609985
Cleveland Cavaliers,2023,1594.4772907646948,3.9014283863590435,1597.7821610296196,1601.4996784268383
Cleveland Cavaliers,2024,1718.567894506964,6.583356115102788,1719.5537959415783,1721.504731998115
Dallas Mavericks,1996,1385.168646839959,-5.386389882759545,1385.2524500729703,1384.681471289066
Dallas Mavericks,1997,1297.9874578553408,-3.505944993250864,1299.7893651589834,1300.9213233264159
Dallas Mavericks,1998,1345.120499217325,-3.737806758819488,1344.4672979924107,1345.6123295964646
Dallas Mavericks,1999,1463.8698697647708,-4.440814285095939,1458.9018872763747,1452.7139223518475
Dallas Mavericks,2000,1645.5723359449216,6.046726910993243,1640.116846052707,1638.2618417715526
Dallas Mavericks,2001,1703.4091234095831,5.688959501391082,1703.2536689337871,1703.400938033511
Dallas Mavericks,2002,1721.2228417747624,5.21336729291977,1718.9582506731497,1716.8395772555086
Dallas Mavericks,2003,1669.1916519671283,6.543340452864186,1673.5011693094289,1674.6200696655571
Dallas Mavericks,2004,1655.3721251967715,7.666165519597598,1655.2622825882936,1651.1049817898008
Dallas Mavericks,2005,1744.4595379302973,6.055459975579424,1743.6393161530716,1740.5259567149965
Dallas Mavericks,2006,1797.8570838126857,4.252011948926565,1795.8559207334076,1799.2236845697016
Dallas Mavericks,2007,1677.6880934542437,4.415609397096432,1686.3880713543967,1686.919469153072
Dallas Mavericks,2008,1612.7242717579406,6.171581836370024,1613.0494529048415,1610.6039106729063
Dallas Mavericks,2009,1668.6310090428806,5.915714671848491,1666.8323033022239,1668.9212324272908
Dallas Mavericks,2010,1701.289363872704,6.794149299149922,1694.4136192505036,1693.6531466582135
Dallas Mavericks,2011,1676.6685717542357,4.215472137652,1697.1156419310714,1710.8866615375546
Dallas Mavericks,2012,1520.9485526100038,-4.827422618182709,1519.8633605495475,1524.4551644546607
Dallas Mavericks,2013,1613.168087086301,7.304318137424616,1612.0198521126817,1614.229120323713
Dallas Mavericks,2014,1653.5911408253846,4.93060660406536,1656.937788697541,1657.8974504840444
Dallas Mavericks,2015,1576.1242864810888,-2.5994694273094865,1579.5582862765536,1583.776349222247
Dallas Mavericks,2016,1485.543341973315,-6.950973967250093,1491.499955821021,1496.360797573218
Dallas Mavericks,2017,1426.7749805105636,-6.687614906774911,1427.3823667558217,1430.2236206332027
Dallas Mavericks,2018,1463.2847471733137,-6.741310009600738,1472.5830046304386,1471.3805627241313
Dallas Mavericks,2019,1571.141906748809,8.077220236716585,1568.9859047933767,1569.956211438551
Dallas Mavericks,2020,1595.1117483856235,8.394743819868154,1592.2464999852666,1592.0562995781818
Dallas Mavericks,2021,1629.8316298796244,7.169538763720766,1624.8989751619833,1627.940168746542
Dallas Mavericks,2022,1577.3187985250283,-11.369484532404158,1583.5389293306403,1590.5712715188083
Dallas Mavericks,2023,1560.0748194602666,9.31983060172513,1550.1940841748433,1543.346430345553
Dallas Mavericks,2024,1593.13724212508,-9.136329047871413,1597.9636581045227,1610.9213189864645
Denver Nuggets,1996,1381.1156715641273,-5.816353846623429,1383.9827648895234,1385.875218344216
Denver Nuggets,1997,1202.6162855459627,-2.692113901558514,1205.1339596404996,1199.3613947161616
Denver Nuggets,1998,1305.7697848679593,-3.2957565540787073,1304.7757111665342,1302.7969200293364
Denver Nuggets,1999,1445.6142955590678,-5.7159659119832895,1446.6792868264884,1447.2343397824552
Denver Nuggets,2000,1514.7440282020775,-5.314920511085234,1513.6111354870036,1521.6021991620614
Denver Nuggets,2001,1444.604012453321,-7.270816101396804,1441.3034730241766,1444.4710503561425
Denver Nuggets,2002,1350.29471653629,-6.218744347061033,1352.2627965434167,1352.996261439639
Denver Nuggets,2003,1515.878092916034,9.261347726720487,1514.629571113193,1515.6791552960178
Denver Nuggets,2004,1564.4111291767024,5.922438250798905,1563.4487368469563,1559.44280883066
Denver Nuggets,2005,1599.3710898243353,4.958048325945583,1605.510821711926,1605.05466204588
Denver Nuggets,2006,1538.6604085297588,9.601795169092611,1539.3510305152754,1534.6677876923754
Denver Nuggets,2007,1615.2016273665167,5.463860260340994,1615.5010259950207,1615.8781866926206
Denver Nuggets,2008,1661.7787362856543,5.753953787687692,1661.582325247707,1656.4434516485303
Denver Nuggets,2009,1681.6173744280277,5.296507287791314,1682.9417248278785,1683.2715173826375
Denver Nuggets,2010,1619.2859645141016,4.982072725046919,1619.8478878664391,1621.2258608274044
Denver Nuggets,2011,1605.108030585483,6.064855754752898,1599.0325575490638,1601.88981050908
Denver Nuggets,2012,1656.0352983485457,7.213134274945901,1652.6521295327623,1641.9059293815312
Denver Nuggets,2013,1552.4568446279904,-7.728413997476878,1557.1119858124857,1563.9070314659434
Denver Nuggets,2014,1477.8709434721077,-7.475808117669999,1482.395652493275,1493.5883070197278
Denver Nuggets,2015,1461.8558084287633,-6.20059912926024,1459.4894058000264,1459.2167754573254
Denver Nuggets,2016,1482.6938388893852,-3.946060366065126,1469.8488941997407,1463.1995649053633
Denver Nuggets,2017,1572.4722280720448,8.82661649104682,1568.5071724984455,1566.316435531986
Denver Nuggets,2018,1668.959666450897,7.379896354290395,1669.258063415544,1667.5293009903148
Denver Nuggets,2019,1659.0362952930802,5.403031600036911,1661.2913911315677,1665.6709949010042
Denver Nuggets,2020,1645.4321180661627,7.205984642459498,1641.70939588813,1634.6027222794764
Denver Nuggets,2021,1610.9756451670028,6.324597416603865,1614.0387431287595,1616.7757675965433
Denver Nuggets,2022,1635.8847858540557,9.340354358560035,1632.9354624397718,1633.3382855842456
Denver Nuggets,2023,1704.9607836801629,5.364009305204377,1706.627637722249,1708.3780033371033
Denver Nuggets,2024,1664.0660675942001,5.802935835558856,1664.373216976878,1663.9850284876513
Detroit Pistons,1996,1666.6199840804356,5.281179884863832,1667.039429034771,1667.2603592230867
Detroit Pistons,1997,1534.4030502828164,-6.4569338041741275,1535.4047749713886,1538.7760361664464
Detroit Pistons,1998,1600.7745022622785,7.9744658343302035,1595.9810506780645,1594.5998281761595
Detroit Pistons,1999,1579.1321422070894,-6.190461508499993,1579.7544174011102,1581.1407603048951
Detroit Pistons,2000,1460.779718185601,-7.337203547265744,1455.6634836493936,1457.1465657390802
Detroit Pistons,2001,1559.8820137401458,8.58814375838881,1553.6448466959482,1543.6244314634223
Detroit Pistons,2002,1612.5462748737846,6.785520544078054,1619.0878851245689,1619.4434251164041
Detroit Pistons,2003,1629.8467627191558,8.729016414267335,1619.7744623086753,1615.9935548955013
Detroit Pistons,2004,1674.1220860000262,6.471157720930705,1669.4091896550447,1671.692404370199
Detroit Pistons,2005,1775.0842005963843,5.089180170133318,1777.1990009570634,1780.1258140497876
Detroit Pistons,2006,1654.9665486650952,7.7195312913693215,1655.6836560912893,1653.836628419936
Detroit Pistons,2007,1696.4904930928087,6.372723919246937,1694.0574689683024,1696.7653645854475
Detroit Pistons,2008,1561.5769590875436,-4.627490223148129,1565.1629055982507,1596.7496173776417
Detroit Pistons,2009,1412.1245870453135,-5.99291993174063,1412.2483637961168,1408.4823453041681
Detroit Pistons,2010,1403.8223576549472,-5.696664251079483,1399.6457164831554,1401.4146918264346
Detroit Pistons,2011,1418.5145192366908,-4.999646427054131,1414.8218443642577,1409.3061242111248
Detroit Pistons,2012,1427.2388742059138,-7.591308430606659,1429.0133875451547,1426.6472930150685
Detroit Pistons,2013,1426.2664016017518,-6.507087128244507,1428.417080050814,1427.9548464119746
Detroit Pistons,2014,1421.5284525249617,-5.088518926781489,1415.3315077008915,1417.1590880073006
Detroit Pistons,2015,1535.7102547361021,5.053968340322285,1533.8363976393587,1530.0951316906594
Detroit Pistons,2016,1523.8676038849694,-7.59418827599734,1528.5286353426973,1531.9287003828692
Detroit Pistons,2017,1502.7143364067747,-5.109684890009362,1500.556460980711,1488.3704032538526
Detroit Pistons,2018,1524.8721362952388,-7.463393963078602,1526.1721299885407,1525.0526768257769
Detroit Pistons,2019,1428.398605507221,-7.039829298223708,1428.9766711756872,1435.3508034215138
Detroit Pistons,2020,1359.244838600412,-6.0143579037586505,1362.23398867081,1362.2923242113316
Detroit Pistons,2021,1343.9543336043862,-5.335618703753994,1342.6114676080945,1341.1344772451298
Detroit Pistons,2022,1372.6877110937387,-6.741217287305631,1376.2022430047446,1376.333935157228
Detroit Pistons,2023,1258.4669870477846,-3.7632847147422126,1258.2975787913856,1258.5133203843807
Detroit Pistons,2024,1521.6831749343532,7.044762191605628,1522.8772082363416,1515.7192043014172
Golden State Warriors,1996,1447.371509286641,-6.081837173638519,1450.1580332073213,1449.3970768115778
Golden State Warriors,1997,1323.9758723102836,-4.593844660656714,1329.6481348860889,1332.6794584753752
Golden State Warriors,1998,1429.3875649772604,-4.007402205273934,1428.549692892599,1423.3419231939233
Golden State Warriors,1999,1359.9682216928195,-5.019574224327243,1364.477923406731,1366.2072543342197
Golden State Warriors,2000,1329.3472012940979,-4.76180277815331,1329.8278206827563,1332.7253201412263
Golden State Warriors,2001,1315.2882546449266,-4.289064661453381,1314.9572567629295,1312.0608311842097
Golden State Warriors,2002,1491.0205075342083,-2.991033952451744,1471.9950386538808,1466.8017492058857
Golden State Warriors,2003,1505.9565943268865,-6.901247683781776,1504.0973110122777,1506.5251652181723
Golden State Warriors,2004,1461.945932530588,-5.519550800149091,1464.768085132161,1465.9726979813606
Golden State Warriors,2005,1513.94219339646,-7.414176924709523,1522.3833542424386,1533.4453775410961
Golden State Warriors,2006,1507.3921709866854,8.169221979286931,1510.6533393215868,1506.0438166078923
Golden State Warriors,2007,1633.0095090181346,5.560106607287935,1633.0710708387305,1632.8783610731862
Golden State Warriors,2008,1445.7590932708192,-6.71888057382273,1445.2238537059425,1453.1057562863407
Golden State Warriors,2009,1399.0338174040983,-5.973996481432323,1399.5967066181888,1396.3232234402872
Golden State Warriors,2010,1477.564997315886,-4.8362134345055665,1478.053078463378,1474.16400899125
Golden State Warriors,2011,1489.1589372700732,-7.90738148682226,1493.0116610632836,1496.8135666458488
Golden State Warriors,2012,1566.8560225576962,8.484087123191102,1563.3030463206564,1560.18745189858
Golden State Warriors,2013,1649.8006911497614,5.988982070877228,1649.5904177217842,1648.7722909921963
Golden State Warriors,2014,1774.0589589677306,5.935455349866743,1768.8560002162728,1768.5573166976235
Golden State Warriors,2015,1912.2931813237492,2.907150236160305,1912.538679542291,1912.5147323471192
Golden State Warriors,2016,1837.2203566344713,4.634391491840006,1839.269243574086,1841.3486610472323
Golden State Warriors,2017,1813.2546024031492,3.5162155936641284,1822.885064643512,1827.0644101015755
Golden State Warriors,2018,1719.3069135909082,6.471267233144545,1714.418723967497,1715.9630373723699
Golden State Warriors,2019,1425.4313117163747,-9.760273706340513,1432.8534672725782,1431.408629598787
Golden State Warriors,2020,1498.3897716732786,8.240333715473298,1494.030596442393,1492.2954456802963
Golden State Warriors,2021,1660.979060083278,7.606771333459619,1659.0142210486842,1661.9593174091951
Golden State Warriors,2022,1594.3940753531415,5.2917099092496755,1594.303267103729,1592.5093358195677
Golden State Warriors,2023,1582.4640900062643,5.779434305960422,1584.4891332572765,1589.7101297916142
Golden State Warriors,2024,1626.1416237839112,6.223644869159216,1633.0428421627487,1638.3946826137412
Houston Rockets,1996,1661.4813035690374,6.712743356790725,1660.2038412083189,1660.1593133801175
Houston Rockets,1997,1569.2692232594686,-4.471571254175387,1574.856043454871,1578.2170378514088
Houston Rockets,1998,1570.6670755028267,4.752347418427007,1568.6371903547065,1567.9542391397786
Houston Rockets,1999,1488.6881873751631,-7.252420478039312,1490.3854062449204,1490.269753918108
Houston Rockets,2000,1570.6399333828558,5.820685961517711,1566.8941410854377,1556.8349019985744
Houston Rockets,2001,1465.594236098332,-8.583903072034786,1466.9682440155486,1473.1031873652141
Houston Rockets,2002,1532.3268651210255,8.246438796184634,1531.0584260065857,1530.03567763629
Houston Rockets,2003,1588.926549902731,6.451170572726369,1587.7387217922594,1588.908248832498
Houston Rockets,2004,1605.3818210243228,8.51350917883542,1603.4924910476943,1593.6275847519898
Houston Rockets,2005,1547.1895699839204,-8.97808389168199,1551.8092738618375,1558.7007345405245
Houston Rockets,2006,1611.7250593485842,8.978164164527698,1612.0546567849228,1609.7542204996157
Houston Rockets,2007,1643.5654717944494,5.806292492539569,1637.9155890398933,1641.082027939663
Houston Rockets,2008,1660.7509420921294,5.468962839124288,1661.7401951204338,1660.5329485865263
Houston Rockets,2009,1619.3003903701392,3.160246131876761,1624.7868976900863,1642.367071973525
Houston Rockets,2010,1538.724025935168,6.014622191314629,1538.4897593370406,1533.7763440585668
Houston Rockets,2011,1580.4291515214827,4.585713128367502,1586.5887573423875,1585.4079973017979
Houston Rockets,2012,1571.3309113192117,5.445990102039104,1573.5966124595827,1577.2659756448388
Houston Rockets,2013,1645.096663940254,6.57715960047085,1643.830137584955,1640.518621739045
Houston Rockets,2014,1684.969256136522,6.462524822488376,1682.5191116186786,1680.278486716273
Houston Rockets,2015,1586.6436484285614,-3.8495636696191013,1588.9364795790548,1590.5806728917264
Houston Rockets,2016,1658.3342174101294,6.926894700036655,1653.6987450656252,1655.676363207364
Houston Rockets,2017,1747.0526862841948,6.888504374176364,1740.5105888711096,1729.1331698115973
Houston Rockets,2018,1685.8256125253938,6.490442326088896,1687.7108419101776,1683.6128044670452
Houston Rockets,2019,1667.1305599713414,4.992916345557205,1673.8376180031732,1665.0778900961554
Houston Rockets,2020,1386.1906352193196,-7.885802507401536,1406.3476119961226,1438.8945294967714
Houston Rockets,2021,1339.754613112712,-5.047658450035442,1337.033893292289,1336.7399118261283
Houston Rockets,2022,1321.9503209535076,-5.775530398651767,1321.7574021780047,1319.1430220118314
Houston Rockets,2023,1495.0011872947816,-1.0443949238841697,1485.0404733495147,1483.7077335239342
Houston Rockets,2024,1624.8044880356167,6.941193001346619,1624.838145806767,1624.5856178817205
Indiana Pacers,1996,1566.213159132212,-4.411190034554124,1566.7271977916666,1568.7631704057203
Indiana Pacers,1997,1693.0985829246968,7.352546320157899,1693.0853747097162,1692.0193210564983
Indiana Pacers,1998,1728.5769061333783,7.394884351704604,1730.0841169787345,1730.8936283282405
Indiana Pacers,1999,1706.3679361383306,6.600553323598433,1706.4064711242358,1703.793299132404
Indiana Pacers,2000,1559.9551280196388,-8.570839767507664,1558.0604632540073,1554.6548758523172
Indiana Pacers,2001,1534.433159701431,5.030527206674606,1536.4866767222477,1536.553889513893
Indiana Pacers,2002,1613.0875788338185,7.458089476712985,1620.1692605031126,1613.187762227708
Indiana Pacers,2003,1673.5651700821008,6.822944628120922,1676.6377073920944,1675.927923718225
Indiana Pacers,2004,1578.0786510372309,6.103802520683757,1570.7436736548573,1569.980276779354
Indiana Pacers,2005,1554.9554981782567,-5.240747055648171,1558.3871939723012,1557.3219645099734
Indiana Pacers,2006,1506.4171166353167,-7.566766165555691,1506.8403585924025,1506.846804991837
Indiana Pacers,2007,1454.4047971729965,-6.139110947136146,1452.2847593194929,1442.2477764797297
Indiana Pacers,2008,1504.407447095244,-6.210826826270818,1501.6688149926824,1502.7536681434244
Indiana Pacers,2009,1436.1626141483528,-6.756969433695872,1434.7128100961622,1430.0732976586019
Indiana Pacers,2010,1508.1330047637412,-6.257472541904463,1511.1648340201648,1508.1246042329362
Indiana Pacers,2011,1580.744152662737,7.0324909121411565,1575.6588818985492,1573.6343449155952
Indiana Pacers,2012,1622.0709609134906,6.745431721247314,1622.9933010175464,1626.615024460892
Indiana Pacers,2013,1700.0093366845667,4.742138709763367,1696.7178008635608,1703.0139489543612
Indiana Pacers,2014,1509.8899244334089,-6.6876283081591055,1513.4414825239364,1517.232343546395
Indiana Pacers,2015,1568.1791908040873,3.996471079513185,1566.1788105211403,1559.4686157278518
Indiana Pacers,2016,1548.2146871860305,-5.379283893640263,1548.0051903845751,1549.4966238679067
Indiana Pacers,2017,1569.0645640282617,8.417871961867604,1565.7594206957224,1562.2272478271866
Indiana Pacers,2018,1616.7368895804325,4.93161782235677,1618.2119798773285,1618.9089306968203
Indiana Pacers,2019,1596.6568956130664,7.767405358663609,1597.1296179580418,1592.8023429144005
Indiana Pacers,2020,1521.6990171320326,-8.690907828168065,1517.4865965747977,1514.1811541350753
Indiana Pacers,2021,1456.9202596158716,-8.510937746889795,1455.9618211454922,1475.3611206314608
Indiana Pacers,2022,1461.9907850752506,-7.5236817661945,1461.765486387892,1461.2697979631494
Indiana Pacers,2023,1579.1193235494677,5.847767555908376,1580.8188992231942,1578.433720406615
Indiana Pacers,2024,1623.8991954714886,7.8953254346690755,1630.8358754128906,1622.5182121502905
LA Clippers,1996,1457.7033941673474,-4.275322380532543,1453.9389896974214,1445.062978296306
LA Clippers,1997,1348.9471044024417,-4.313736423811065,1357.6543845388717,1364.8123313974656
LA Clippers,1998,1211.2042509191624,-2.6062061049156,1209.7462096692761,1211.4530652168546
LA Clippers,1999,1277.2440316366105,-4.043673648303525,1271.3274070935706,1277.8088068526445
LA Clippers,2000,1362.6933546377998,-3.9448140835748973,1362.3636157594465,1360.5981557776938
LA Clippers,2001,1538.1559252942768,-5.3846246832375755,1539.7922245953796,1544.3343588839848
LA Clippers,2002,1459.7524108239022,-7.133368032311637,1464.4649242363162,1471.9036435031767
LA Clippers,2003,1460.4849697262284,-7.112893480799698,1460.2612932858729,1460.8161498806883
LA Clippers,2004,1478.7125716003766,-6.250514997219284,1479.3749141623512,1475.6467206856619
LA Clippers,2005,1590.4148719548812,8.62465897029108,1588.3354974155154,1588.4247020266055
LA Clippers,2006,1552.4701864183585,-6.124417699045921,1552.0296255554817,1550.9174667640323
LA Clippers,2007,1435.3283113965886,-6.654102525492135,1436.9700018528333,1435.3231255033693
LA Clippers,2008,1315.9590317362529,-3.920790533126592,1316.8125126877046,1318.2377735579926
LA Clippers,2009,1401.6236649589196,-5.706817788070225,1403.2421676431477,1404.2646243076636
LA Clippers,2010,1428.4836576807402,-5.291880312000785,1424.1100095202514,1427.690188237012
LA Clippers,2011,1605.960552727401,7.125840894774001,1602.999682353336,1593.0703755626298
LA Clippers,2012,1664.4879862425803,6.652176000548138,1661.9261596483689,1658.0558703188487
LA Clippers,2013,1682.1575251796546,6.665047947531548,1677.6036017532738,1673.845524166495
LA Clippers,2014,1679.6792541056964,5.484225936561415,1675.247219983251,1675.2270490133365
LA Clippers,2015,1674.7299658681545,5.887388652284585,1679.4399954261244,1676.809559605293
LA Clippers,2016,1622.7636410356442,6.330415778236329,1623.4526370176648,1617.0018324445437
LA Clippers,2017,1593.550779803089,4.002951107743343,1597.2717046910948,1593.8681065474495
LA Clippers,2018,1590.967340891894,6.103133179744418,1588.015628883607,1586.1202152272772
LA Clippers,2019,1679.1978528610175,7.2339917255465025,1678.2104496949953,1674.030320592669
LA Clippers,2020,1665.4125598175071,6.633515503172475,1667.8378231468355,1667.0729309590238
LA Clippers,2021,1559.4570013946877,-0.4439456828914672,1560.7186725313852,1563.2863489495912
LA Clippers,2022,1551.1461470556455,7.360791542447259,1549.2188915739275,1546.852556725898
LA Clippers,2023,1624.1411128535528,6.4235965217476405,1627.9906521753192,1620.2675918124842
LA Clippers,2024,1604.6692625867186,6.98516783492596,1603.9457636994116,1602.9739381720185
Los Angeles Lakers,1996,1675.2223788379383,6.263409033042535,1671.1079007417466,1671.8591973342955
Los Angeles Lakers,1997,1722.4670305410884,3.649704951161766,1715.090929586538,1711.8568012831074
Los Angeles Lakers,1998,1674.174626446686,2.0851899585130695,1687.5722215243647,1702.9069142901565
Los Angeles Lakers,1999,1771.7140978083885,6.190461508499766,1772.5803214748262,1763.8941532005258
Los Angeles Lakers,2000,1719.0166966448023,7.283827911625963,1717.461400484933,1720.2734623412366
Los Angeles Lakers,2001,1766.7233659672297,5.565874517946895,1769.5067066350948,1770.5412456844024
Los Angeles Lakers,2002,1681.003829312231,5.580345869274879,1686.149356718935,1687.7456840035002
Los Angeles Lakers,2003,1719.0224760357023,6.537357564799436,1720.6037024855973,1718.94854152905
Los Angeles Lakers,2004,1590.8206931566438,-8.012054278838605,1608.9968899888413,1615.9810381731
Los Angeles Lakers,2005,1526.999444228716,9.01095147729393,1523.7499485666385,1523.6731804362403
Los Angeles Lakers,2006,1605.468625093867,-2.818312022558075,1613.890684208459,1622.1246194208643
Los Angeles Lakers,2007,1671.1679544857325,7.826228759870219,1670.0560026141716,1667.3800048404378
Los Angeles Lakers,2008,1793.666874945328,4.208577794290022,1791.9163852539612,1794.4256894571317
Los Angeles Lakers,2009,1753.2081111666675,4.157289613318881,1753.9359607854706,1752.4334863225663
Los Angeles Lakers,2010,1700.9407924793309,4.8362134345055665,1699.4792921507192,1701.5258271637604
Los Angeles Lakers,2011,1649.1232398464576,6.816677845871709,1650.3503818719973,1652.18637173453
Los Angeles Lakers,2012,1576.3763147202078,5.148239393135441,1578.5784987534112,1582.4350738511448
Los Angeles Lakers,2013,1427.7174776933691,-6.079627822222051,1429.7342850717569,1445.6435295042252
Los Angeles Lakers,2014,1387.358651296463,-5.539443641255389,1390.0355754704026,1390.2855430899892
Los Angeles Lakers,2015,1287.3929471707697,-4.662561082742627,1291.9013796736099,1294.4861211184539
Los Angeles Lakers,2016,1364.3529323043767,-5.2235414752587985,1362.5394622912709,1364.4775490796326
Los Angeles Lakers,2017,1448.4934033584389,-5.558013900758056,1438.9649591435157,1438.6880265724171
Los Angeles Lakers,2018,1505.797814486949,-5.835246387147208,1502.7001270688156,1505.1275494087163
Los Angeles Lakers,2019,1702.6623859344559,10.058268721266018,1699.4823535459022,1699.2055306040168
Los Angeles Lakers,2020,1667.5540152840113,4.454411186634388,1668.004361461258,1681.7137602289579
Los Angeles Lakers,2021,1516.4046762617445,-8.638395587002378,1519.4593512894446,1525.1797357163462
Los Angeles Lakers,2022,1520.504575035273,9.769455372143284,1518.4120496835008,1516.5806200998386
Los Angeles Lakers,2023,1595.8848131955112,4.457834195635542,1598.6232865267311,1599.0568444363068
Los Angeles Lakers,2024,1620.4663559649157,6.320604991390837,1627.9008128680036,1626.2585872709421
Memphis Grizzlies,1996,1270.194704286048,-4.173883168921861,1274.3131625237042,1273.8118551299137
Memphis Grizzlies,1997,1277.7934173192732,-3.693030528713166,1276.9299062365662,1282.433431477808
Memphis Grizzlies,1998,1236.044451634818,-3.6870350548284705,1233.5207689351644,1234.5920585623476
Memphis Grizzlies,1999,1318.762226403046,-3.863980272346339,1318.8598389504034,1309.9880684328934
Memphis Grizzlies,2000,1371.128672146379,-5.382237147976866,1369.5635779401273,1370.948100893482
Memphis Grizzlies,2001,1356.1630896491429,-5.2517144935031865,1352.033236385443,1349.9536325593986
Memphis Grizzlies,2002,1419.6003401685111,-5.3758275512431055,1419.0247459148723,1408.6671615915511
Memphis Grizzlies,2003,1590.180440635623,6.6594280806891675,1587.0048645111501,1562.8173913213357
Memphis Grizzlies,2004,1584.90460788979,4.956835755523798,1590.4588373840443,1592.5236818733936
Memphis Grizzlies,2005,1591.4775773596848,7.154343833962685,1589.1560980078139,1589.7475275423012
Memphis Grizzlies,2006,1402.8400517424402,-8.831573354108286,1404.644094866283,1404.5334079883726
Memphis Grizzlies,2007,1382.8871022485246,-5.065831634367214,1385.6798924688578,1385.640475605763
Memphis Grizzlies,2008,1350.9488782559529,-4.66786557372734,1349.309078339973,1349.8236490140284
Memphis Grizzlies,2009,1536.467654017631,1.1474444607879377,1538.0001975929,1540.831008002941
Memphis Grizzlies,2010,1569.785795955855,6.491305419340506,1559.5613318352873,1549.6390792811808
Memphis Grizzlies,2011,1641.1091357417104,5.789415961577561,1637.9945187843114,1637.0177958739928
Memphis Grizzlies,2012,1680.557130504668,6.748431406693953,1680.5383983505621,1678.0451963520495
Memphis Grizzlies,2013,1655.2350142619182,5.564738113531803,1655.624471552764,1657.3815805104593
Memphis Grizzlies,2014,1703.260012205717,5.385283474900461,1703.6118154536648,1704.6486549333263
Memphis Grizzlies,2015,1612.4708244483627,-2.749319176219956,1612.3480046114096,1615.1320135650133
Memphis Grizzlies,2016,1562.2546503504213,3.597425983696553,1560.9903760761529,1558.5214566571651
Memphis Grizzlies,2017,1411.8419235268348,-7.5340247376552725,1416.1550437749354,1422.4719265141616
Memphis Grizzlies,2018,1438.38653615268,-6.84016685011693,1439.864812371538,1429.1173872604572
Memphis Grizzlies,2019,1487.8778915925805,-5.710386612899924,1472.047103906707,1464.2603880184224
Memphis Grizzlies,2020,1555.463321087275,7.384548221255045,1554.2786402490117,1550.7420825728525
Memphis Grizzlies,2021,1672.276015777748,7.688879372460406,1674.2167915275154,1673.9638457539445
Memphis Grizzlies,2022,1633.7941834521116,6.094536367678074,1636.4066402703097,1638.6123220171728
Memphis Grizzlies,2023,1469.864872894318,-7.9021615909671254,1471.9637728151395,1471.4784435388801
Memphis Grizzlies,2024,1574.1858347693824,5.955456653737087,1581.0587085202135,1579.2856236788605
Miami Heat,1996,1701.5514267610229,6.005376401673175,1701.5931022166435,1704.3137084301998
Miami Heat,1997,1699.2845508945743,4.480999654691459,1699.2892677678615,1698.8500906701233
Miami Heat,1998,1658.5882111240803,9.287975797161607,1659.1202597076049,1660.6296796565737
Miami Heat,1999,1645.9267423624258,7.494378481234548,1641.7620608261,1645.8357451509582
Miami Heat,2000,1616.1712425358342,6.0461453545208315,1617.2519578833476,1617.3893893013023
Miami Heat,2001,1512.0913493408978,-9.404919735507178,1514.4868698731404,1520.4930207171633
Miami Heat,2002,1442.2306999770608,-8.173844742286178,1447.9791674560884,1449.2677327737633
Miami Heat,2003,1473.4580164600914,6.899226064675759,1475.0809738089308,1462.5823479204523
Miami Heat,2004,1687.2183446905256,6.760237781747492,1688.2324514727504,1684.9448639072598
Miami Heat,2005,1674.3893922798218,5.553737577853553,1670.0270849852047,1670.2860292696682
Miami Heat,2006,1604.3867296701344,7.070069476271328,1606.2870274892464,1610.3504276304102
Miami Heat,2007,1307.111131448766,-6.665595980537319,1308.1680868010417,1333.6817153905
Miami Heat,2008,1521.502904648517,7.42978427694311,1522.6181345453547,1523.0808515350213
Miami Heat,2009,1562.391156948323,4.981523342286664,1559.5499594246157,1559.9676958011964
Miami Heat,2010,1690.6842458696922,7.008971147998636,1690.558743220838,1691.190863339191
Miami Heat,2011,1732.8337793215724,4.987498755396928,1735.9510496120427,1740.5126502254286
Miami Heat,2012,1786.0998422864216,4.690962725579766,1779.7202122513731,1776.2796046060491
Miami Heat,2013,1715.7104203244817,4.859187245396811,1719.9821367536078,1733.4208837527924
Miami Heat,2014,1520.2404710464705,-8.353153301327438,1520.6445465767124,1517.6333004522826
Miami Heat,2015,1572.6891822751859,7.798470353191419,1567.01182532252,1565.7778522591198
Miami Heat,2016,1550.937813959764,-3.8772948916230234,1553.8417256628086,1551.6916543225022
Miami Heat,2017,1575.5534652115816,7.573830081971437,1579.5975699266287,1582.4818996956458
Miami Heat,2018,1515.7129549172591,-7.609546803507783,1516.2734854072587,1516.255613754849
Miami Heat,2019,1624.774926529116,8.4052968358518,1619.17392816327,1611.8469986667233
Miami Heat,2020,1593.4463183216826,5.704704926762588,1591.896826134189,1590.433454054089
Miami Heat,2021,1635.9901544564805,8.77705544342598,1633.0579542339963,1631.6590420622447
Miami Heat,2022,1605.7321403841715,7.884701240853474,1603.6059890412469,1601.9760060352546
Miami Heat,2023,1596.6251393065447,5.329610710874931,1603.1032674797127,1602.8171487464356
Miami Heat,2024,1525.1451625317222,-6.716637914197236,1526.8993858409535,1537.1885865591294
Milwaukee Bucks,1996,1438.3646178120105,-6.000163158636724,1436.5304688266401,1440.049167576799
Milwaukee Bucks,1997,1479.9315661532883,-6.005580197922654,1478.9305586567114,1482.683295640858
Milwaukee Bucks,1998,1565.0182659727295,9.017502155381862,1565.4609429422226,1559.7787558461923
Milwaukee Bucks,1999,1571.3082470608676,4.438606988843503,1573.0859399629448,1577.8198197506852
Milwaukee Bucks,2000,1634.6972931284997,6.740908373850289,1633.895010238337,1634.726149539818
Milwaukee Bucks,2001,1611.1766556177722,-2.8337726787733573,1624.7706563882043,1632.1708089319025
Milwaukee Bucks,2002,1505.4832191240457,0.38269627027261777,1505.227063989104,1502.9718860462026
Milwaukee Bucks,2003,1530.019191821458,-7.460493785401013,1531.5717371430474,1534.7425103291164
Milwaukee Bucks,2004,1458.777678375392,-8.170417839691936,1456.9027185849147,1457.022623207592
Milwaukee Bucks,2005,1491.311560255934,-5.340849344501748,1491.7491638066886,1491.000638680362
Milwaukee Bucks,2006,1442.273387789694,-8.59459196534317,1444.4324595267765,1455.8506281855562
Milwaukee Bucks,2007,1411.7799176004419,-6.4867402887146,1415.0357993499388,1413.9833286059934
Milwaukee Bucks,2008,1446.9183317269822,-4.830193272909355,1455.5533263913085,1452.4145975199713
Milwaukee Bucks,2009,1497.4395512173403,6.730840832512968,1494.715627790271,1486.7417455273458
Milwaukee Bucks,2010,1520.0348486717712,-8.65428998216646,1523.7229170207734,1533.5859614770018
Milwaukee Bucks,2011,1509.4258339385779,-5.371019177215317,1506.5737763617499,1498.3284780769086
Milwaukee Bucks,2012,1528.758158708008,-4.64182626009142,1528.0707676316283,1530.126200639766
Milwaukee Bucks,2013,1299.8125915337132,-4.980899352059282,1297.1831547311967,1306.3999605631589
Milwaukee Bucks,2014,1478.971261055718,-4.411825062070989,1478.804937595936,1477.0035884034326
Milwaukee Bucks,2015,1474.6258769910312,-7.765018474922385,1478.841425079233,1483.1412089586697
Milwaukee Bucks,2016,1507.2705204982876,1.7772785279862546,1503.4948235175075,1499.0535580765077
Milwaukee Bucks,2017,1567.0776030384693,7.1588310075349,1565.3997107580235,1570.784067229049
Milwaukee Bucks,2018,1696.9146326806874,7.160696626511708,1698.8734752683408,1688.4684141893817
Milwaukee Bucks,2019,1782.3253352241354,3.499392897193502,1787.0665847134078,1789.077586576829
Milwaukee Bucks,2020,1642.2496503877294,8.515953640962607,1636.4996682241417,1641.2205082914866
Milwaukee Bucks,2021,1667.139936333181,5.959371132008869,1663.7839702339459,1665.294798060452
Milwaukee Bucks,2022,1687.5766085671462,7.406463012292988,1686.0450588359788,1688.0201082777626
Milwaukee Bucks,2023,1641.948684899523,4.886268322314436,1642.3947517403772,1642.3200581889773
Milwaukee Bucks,2024,1570.4657764707963,6.292995874513053,1569.1653468923384,1566.5751138712528
Minnesota Timberwolves,1996,1508.7462967545034,-3.476247440437419,1507.683821221635,1509.3691556064136
Minnesota Timberwolves,1997,1534.2734986632493,4.135157992806398,1524.1645048277874,1522.6493825451955
Minnesota Timberwolves,1998,1568.8122297599994,-5.077963243548652,1571.1330069879455,1589.9655027495871
Minnesota Timberwolves,1999,1603.678379602015,5.66809116411514,1601.4319904229044,1603.1260951298018
Minnesota Timberwolves,2000,1609.5127145901915,5.085940584356649,1612.5774097867613,1614.4269699362742
Minnesota Timberwolves,2001,1648.768694470151,5.746416349426227,1650.4630546176886,1653.7927477852913
Minnesota Timberwolves,2002,1608.5270288153974,7.546319209850708,1592.516390552185,1581.682537761718
Minnesota Timberwolves,2003,1698.3780931299757,6.908346320821806,1692.345044547581,1689.0756877089502
Minnesota Timberwolves,2004,1593.891459018775,5.442260767527387,1592.2473828072336,1592.05203555421
Minnesota Timberwolves,2005,1534.676341349483,-7.9876796016358185,1539.5592020281947,1544.1257242145161
Minnesota Timberwolves,2006,1474.7881577540297,-6.855555621156441,1479.4291078454946,1477.8465317530113
Minnesota Timberwolves,2007,1341.5186336533422,-4.760665727437754,1351.4284077768525,1348.8399479621924
Minnesota Timberwolves,2008,1385.0738616218873,-5.235548386621076,1384.4544083832363,1385.2943492488512
Minnesota Timberwolves,2009,1315.0896802555526,-4.26489242386981,1315.8584867894065,1321.1106630236163
Minnesota Timberwolves,2010,1293.8745356394907,-3.7513667693147,1295.970337288783,1297.818126133287
Minnesota Timberwolves,2011,1437.5888033208412,-5.423914696160182,1444.1569496121742,1441.3944051034362
Minnesota Timberwolves,2012,1415.2405150310474,-6.558056507512674,1412.3148431481773,1413.012272476451
Minnesota Timberwolves,2013,1534.3221281239594,0.11830458280383027,1529.2503849665177,1529.932660969824
Minnesota Timberwolves,2014,1377.0196939543307,-6.298766428544354,1379.0166874329288,1383.8553471028467
Minnesota Timberwolves,2015,1356.310250111027,-5.004232265059386,1351.402391760118,1350.8418752917528
Minnesota Timberwolves,2016,1458.4736830785234,-6.159629504549343,1458.933793945112,1446.811475281811
Minnesota Timberwolves,2017,1562.2910058406314,8.713974056997358,1566.877129392225,1562.645724682533
Minnesota Timberwolves,2018,1535.9475699044042,-7.938196475080986,1536.0095929810286,1540.8108763269602
Minnesota Timberwolves,2019,1428.6472953051184,-6.937053312706439,1434.2679448022418,1430.7761733245538
Minnesota Timberwolves,2020,1348.9806438205303,-5.44443556102442,1346.669674168587,1347.5078956348975
Minnesota Timberwolves,2021,1556.619520509849,7.172692169884385,1542.0960374216831,1533.1563697884671
Minnesota Timberwolves,2022,1556.8205638293027,-8.985355867126373,1558.8218971981335,1558.04807541103
Minnesota Timberwolves,2023,1664.123128338891,7.158039896110836,1664.6819744995637,1660.1304881973642
Minnesota Timberwolves,2024,1633.2479901525928,5.316305731150351,1627.995416152179,1627.4716753947632
New Orleans Pelicans,2002,1554.962118512725,7.414578171596759,1555.8737850844345,1558.3906209532774
New Orleans Pelicans,2003,1548.4016394510727,-6.017890831840532,1546.68684085098,1546.5568024616675
New Orleans Pelicans,2004,1385.535574447851,-6.118302957856713,1386.8951403612627,1389.2546720253745
New Orleans Pelicans,2005,1492.495776665274,-4.906468454384822,1488.5168134576497,1483.676627106438
New Orleans Pelicans,2006,1498.456637900657,-5.8763711782918335,1499.003649153725,1501.8265701349824
New Orleans Pelicans,2007,1674.240374393436,7.189326194822911,1674.3685553995522,1674.499128492459
New Orleans Pelicans,2008,1658.528656095455,4.327405506694731,1660.6074001174434,1667.0267363692444
New Orleans Pelicans,2009,1532.3900003579051,-7.827181505532508,1532.2354412644597,1536.8120585659312
New Orleans Pelicans,2010,1564.393832040219,7.42890388391038,1561.670037264434,1560.7132905904718
New Orleans Pelicans,2011,1434.3604741421054,-6.991423205419892,1433.1010958380486,1427.4945581651718
New Orleans Pelicans,2012,1455.614734663115,-6.831598142695725,1455.7372382627009,1457.5301020348597
New Orleans Pelicans,2013,1466.754572294008,-6.507577582150134,1468.6031374889478,1469.1902820505159
New Orleans Pelicans,2014,1557.1922825872261,7.382790977680202,1557.7571281361393,1557.2619917331326
New Orleans Pelicans,2015,1491.146891155464,-8.175785905561042,1491.219656435108,1491.815938052658
New Orleans Pelicans,2016,1463.138960572193,-5.5190333197890595,1468.899755588603,1469.1687338647957
New Orleans Pelicans,2017,1567.5687751751343,9.525732202612971,1560.227706605796,1555.1852710205264
New Orleans Pelicans,2018,1521.4427917521903,-9.812300086681603,1523.491960055499,1523.9337996109525
New Orleans Pelicans,2019,1476.8817229113574,-4.990896164853325,1468.07731033579,1450.5822316432814
New Orleans Pelicans,2020,1510.1220665195278,-9.513902239516256,1511.9140713278239,1512.1753859494652
New Orleans Pelicans,2021,1500.5911886715667,-6.912839037101094,1501.4759145095618,1503.8565861666125
New Orleans Pelicans,2022,1574.050149604187,5.755721164710394,1577.4391843948595,1578.1060937700581
New Orleans Pelicans,2023,1599.232066976157,5.604025181557176,1602.0541499723627,1599.6923506374826
New Orleans Pelicans,2024,1403.693597496836,-7.128216226224708,1403.1638526921165,1402.2566164764244
New York Knicks,1996,1677.9192229215932,5.8873764479641295,1675.2749084849759,1675.3072375219276
New York Knicks,1997,1618.5668650345574,2.524094071363834,1623.251531483084,1622.3599484507672
New York Knicks,1998,1592.6037345373957,10.02484548455152,1588.5138924642656,1585.7922415719518
New York Knicks,1999,1651.9149172593156,6.740189619130433,1650.0211796921826,1650.9073084185027
New York Knicks,2000,1609.9677309939286,4.854045559666247,1611.3838021545982,1613.3188434558197
New York Knicks,2001,1465.3199256766613,-8.99972330921321,1462.0046519050902,1457.8128377189853
New York Knicks,2002,1488.570160683388,-7.2875633447062,1488.466336147623,1480.794931406086
New York Knicks,2003,1496.2986897364697,-7.308435544818735,1496.392353880523,1492.1531547785037
New York Knicks,2004,1475.2854655140436,-6.912648893927894,1482.8680507382373,1482.6515089916775
New York Knicks,2005,1382.708842079377,-6.815346371886562,1386.165408150429,1402.3683431159952
New York Knicks,2006,1451.8455607848628,-6.162925077721411,1448.1929604025713,1451.1042103263462
New York Knicks,2007,1395.1639935535331,-7.2484636393613755,1398.7467604205103,1399.2775637414666
New York Knicks,2008,1417.5732033972924,-5.522000248976042,1415.5683712094174,1416.3996393031093
New York Knicks,2009,1417.754182395107,-5.993763844736463,1416.9704910058092,1411.2871115418957
New York Knicks,2010,1523.9606049637637,-5.412015784676555,1527.8670736888096,1526.661856786318
New York Knicks,2011,1508.6703516552398,5.8195429471193165,1504.2485798982782,1503.009576887435
New York Knicks,2012,1638.867900947681,7.41615524670965,1639.2883134948593,1632.950043457424
New York Knicks,2013,1485.565094209097,-7.246556681658944,1490.1393667917723,1491.0573527110098
New York Knicks,2014,1332.1293183790829,-6.428103602915826,1333.7664231259982,1333.2612401322822
New York Knicks,2015,1416.657254920065,-5.919986003371264,1415.008758391304,1415.082269317065
New York Knicks,2016,1430.2891879155586,-7.0297563435988195,1430.0620327893714,1429.7926160714883
New York Knicks,2017,1440.05191792605,-7.504494722876075,1440.897187180431,1443.2574795687024
New York Knicks,2018,1322.942045687247,-5.067893887262358,1327.2974871363556,1335.2138127358623
New York Knicks,2019,1339.052835407475,-4.08265770502544,1329.02110590579,1313.5313231096122
New York Knicks,2020,1500.6248659471992,9.720137255910913,1501.710251637718,1494.83803711862
New York Knicks,2021,1507.7915796401567,-7.49011161695978,1510.4883711811954,1515.793038221505
New York Knicks,2022,1573.3607752597093,9.994772874866612,1564.861541161199,1563.4941934226931
New York Knicks,2023,1625.4402795216608,6.881485113884537,1622.62230060574,1620.8064128376677
New York Knicks,2024,1633.7812762293192,5.8425773983087765,1631.6052958967987,1633.3398347700777
Oklahoma City Thunder,1996,1717.8649774928274,4.238869244565194,1716.4760022180049,1719.39162391919
Oklahoma City Thunder,1997,1730.9022374763458,3.5771043798249593,1728.6533783035652,1730.8308324859795
Oklahoma City Thunder,1998,1569.935723545636,-7.4803060743061,1592.5893329382166,1605.9293392404275
Oklahoma City Thunder,1999,1581.2173281948776,5.441917530397177,1579.5805005525044,1581.8775688637038
Oklahoma City Thunder,2000,1560.70468302886,4.131868791488955,1559.0734159124622,1558.2056998783073
Oklahoma City Thunder,2001,1601.9776464843956,5.867865446773067,1597.8483728137014,1601.2604899939704
Oklahoma City Thunder,2002,1550.18152511271,-7.461982796959319,1549.815143204674,1550.3185177091077
Oklahoma City Thunder,2003,1523.468120923043,-6.294253741856892,1528.2328367164027,1532.6116835406046
Oklahoma City Thunder,2004,1647.3781419382192,8.167925091059942,1649.5163033193355,1650.3661414386274
Oklahoma City Thunder,2005,1514.8173264533384,-6.804417193176278,1516.2071067822858,1515.5436194926979
Oklahoma City Thunder,2006,1494.4001707324255,-8.488000278756317,1495.6112952555627,1496.4925253471138
Oklahoma City Thunder,2007,1371.1491201019617,-5.3727574737388295,1375.2165152600428,1376.0829015162926
Oklahoma City Thunder,2008,1340.7286300831597,-3.6805828570544463,1344.3495217554619,1333.6617429657238
Oklahoma City Thunder,2009,1572.9397819582264,5.915341545773458,1569.542545701253,1566.112139978175
Oklahoma City Thunder,2010,1656.4991428014096,6.532564052272392,1653.1049772896174,1652.645604961929
Oklahoma City Thunder,2011,1736.3501373411773,7.079381122250766,1734.260732448679,1731.4640148285162
Oklahoma City Thunder,2012,1737.124983406325,5.0351966239263675,1734.8679928063896,1736.10730569495
Oklahoma City Thunder,2013,1719.0589964958097,5.985630871655758,1715.0627381741674,1712.2138957773343
Oklahoma City Thunder,2014,1616.3874409204252,4.822337167728961,1616.1326882277492,1615.0832264698038
Oklahoma City Thunder,2015,1670.6663654835359,7.191472251437517,1667.0064855311794,1669.5384261989152
Oklahoma City Thunder,2016,1626.4748794105326,4.192568660254665,1623.0620368605385,1623.421848812976
Oklahoma City Thunder,2017,1583.6827987164866,7.622896826417559,1583.301379070947,1587.2278626974771
Oklahoma City Thunder,2018,1620.309084080708,5.548279188915103,1621.4742294281486,1620.8021531019403
Oklahoma City Thunder,2019,1638.214704342528,5.505542697567989,1641.4245342367954,1633.4267785527504
Oklahoma City Thunder,2020,1526.7851499360722,-9.686262875486705,1531.4200483980667,1531.5257732568898
Oklahoma City Thunder,2021,1373.00953390342,-5.769200811584028,1372.0950066067212,1372.0139853320934
Oklahoma City Thunder,2022,1489.9629928438394,-4.262307653852304,1486.8764477709785,1479.1568341455331
Oklahoma City Thunder,2023,1667.9860284192991,6.664724866538904,1672.5991108896565,1673.0170726878773
Oklahoma City Thunder,2024,1808.6771019709229,5.415607200909562,1802.8373242335335,1796.830728299352
Orlando Magic,1996,1614.2745249616903,3.7402065845249126,1618.7892394616767,1615.417365006772
Orlando Magic,1997,1571.5079784321492,-0.8064681693883813,1573.2777973241816,1576.8957862419793
Orlando Magic,1998,1642.5082852988612,8.951815585703457,1638.3921337367651,1644.4866031155448
Orlando Magic,1999,1552.8264576285737,-6.326381918461948,1560.5208378870675,1558.0674971207807
Orlando Magic,2000,1548.5996545950588,5.931605120054996,1552.0333564174284,1554.793191072818
Orlando Magic,2001,1551.7495311193547,6.903757304110854,1552.5098914154064,1557.0525340587778
Orlando Magic,2002,1538.354209748345,5.696855826781757,1538.6017651507912,1541.922677629182
Orlando Magic,2003,1387.0105967448403,-7.158172351501776,1390.0330078974575,1391.105355918201
Orlando Magic,2004,1489.771693810214,-6.9028889794088855,1490.3092375569584,1495.385925073581
Orlando Magic,2005,1429.4795506519426,-5.306487115584105,1431.7607121525589,1434.9275728909606
Orlando Magic,2006,1525.1892183458322,-7.105678003718026,1535.7904260741511,1548.1032761967595
Orlando Magic,2007,1601.047753668673,8.626619283943,1597.9758019329797,1597.2773616388968
Orlando Magic,2008,1703.0592277353428,6.8817891000603595,1701.5283113016267,1697.696118807777
Orlando Magic,2009,1711.2302846693187,6.139807320387035,1713.2002554719174,1712.9950366773835
Orlando Magic,2010,1667.6176211438815,3.8076167993272065,1663.4626533161754,1668.0810905950407
Orlando Magic,2011,1603.8422966074531,5.171641015654814,1605.1915183895112,1611.3319789810405
Orlando Magic,2012,1376.4076732540934,-6.414457027831077,1392.5050718936377,1395.9256295614632
Orlando Magic,2013,1328.556363575066,-5.097428586305455,1329.2455447191364,1329.5875382350437
Orlando Magic,2014,1370.7526381160146,-5.587748852269783,1368.9304229706163,1367.4976248628748
Orlando Magic,2015,1442.156679171604,-4.657410823485861,1438.139113565982,1437.8387133388478
Orlando Magic,2016,1436.0968488124945,-7.453771304972406,1436.746863630252,1444.5752389252302
Orlando Magic,2017,1374.2856537028601,-6.324864390684297,1375.6785219786639,1383.428365158261
Orlando Magic,2018,1461.5706917297211,4.9126923326039105,1460.4604135461589,1452.201583936973
Orlando Magic,2019,1529.309301523169,-7.732204882544011,1527.7822440875448,1532.4825067351649
Orlando Magic,2020,1428.4685013364194,-7.5017894704320724,1429.3968504300872,1434.014330496083
Orlando Magic,2021,1334.498959241831,-5.2850394940400065,1333.4370953278892,1330.1855045433374
Orlando Magic,2022,1470.7540013350567,-6.5679325697961985,1461.7163115132475,1459.622402173272
Orlando Magic,2023,1565.1173098757151,5.5492902409316684,1567.3407850445321,1568.6688159008486
Orlando Magic,2024,1542.3225574591875,-5.991282291728794,1542.4010914083701,1539.8387766207384
Philadelphia 76ers,1996,1357.8913349452132,-4.94203417923336,1361.7719016630754,1356.1622130527626
Philadelphia 76ers,1997,1404.961108017033,-4.819828855203923,1400.152105576874,1402.3588025080326
Philadelphia 76ers,1998,1569.349393961405,9.666955038789524,1566.2258557621963,1559.324200600973
Philadelphia 76ers,1999,1593.6908968236585,6.331535439509821,1593.68678552246,1591.4542684631388
Philadelphia 76ers,2000,1697.7864065588428,5.123435509122373,1699.4835205678726,1698.509312990207
Philadelphia 76ers,2001,1585.0771249742272,5.563092846944983,1588.965291177577,1592.2728500712974
Philadelphia 76ers,2002,1590.8333054353623,6.701106945082188,1590.9420420382412,1589.2169823315107
Philadelphia 76ers,2003,1483.0555379323466,-9.542105159347216,1484.9698318392248,1486.0470960813568
Philadelphia 76ers,2004,1497.3278521655648,3.4828631486918766,1494.1547422975818,1488.055483268437
Philadelphia 76ers,2005,1524.8265636386777,-5.623920269817745,1525.7874848639935,1526.6747357316008
Philadelphia 76ers,2006,1450.3965093185557,-7.113542454809135,1447.4165442878534,1448.0807941166936
Philadelphia 76ers,2007,1520.8750486768622,-6.736704455289555,1515.7069601830299,1516.8230069083656
Philadelphia 76ers,2008,1540.9931710380515,-4.040165484044223,1543.1541805165684,1547.9346334368424
Philadelphia 76ers,2009,1435.6233468097016,-7.458118490836341,1433.7164896248034,1440.2274244372543
Philadelphia 76ers,2010,1500.203277768129,-3.874676070021451,1488.2685670162773,1482.7868608976528
Philadelphia 76ers,2011,1557.3743450475272,5.805302349833937,1554.8815529044357,1553.409452819908
Philadelphia 76ers,2012,1483.4352864531074,-6.698558043617027,1488.3806874262707,1484.886398500434
Philadelphia 76ers,2013,1372.1699253319764,-5.3334780927878,1377.6689372351473,1382.213966347993
Philadelphia 76ers,2014,1292.952651093855,-4.2683009737761495,1296.3766952320561,1290.1448952735557
Philadelphia 76ers,2015,1212.5245666644569,-3.680636547483914,1216.7887443215,1218.348058638385
Philadelphia 76ers,2016,1383.9017237966357,-3.752195929912091,1373.030775110124,1334.2294743675488
Philadelphia 76ers,2017,1557.9911564527952,7.4372368985979165,1552.1808955610513,1545.916592357079
Philadelphia 76ers,2018,1641.7164956197835,6.687216076220807,1642.8254331894882,1643.3030198488636
Philadelphia 76ers,2019,1635.7238579672617,5.215574015656557,1635.321208301113,1637.6665565013307
Philadelphia 76ers,2020,1648.999579226997,9.012882264379414,1646.877511604865,1648.4288685047354
Philadelphia 76ers,2021,1647.3594961092817,5.790278503789409,1651.3040439594758,1655.9943442211545
Philadelphia 76ers,2022,1661.8324823581709,8.023364053254,1663.7837648477412,1663.8501429306973
Philadelphia 76ers,2023,1620.557300641946,4.063922336528776,1642.626560389249,1654.9697940770907
Philadelphia 76ers,2024,1467.0437766626746,-8.697339979312005,1471.462026300655,1478.126598126301
Phoenix Suns,1996,1483.2940284688857,-2.477277191009989,1482.770555375279,1479.3363363563608
Phoenix Suns,1997,1653.6033868143081,4.135696564804562,1650.5907806036994,1649.22163606644
Phoenix Suns,1998,1593.3223359439828,2.28759989684454,1597.9713748523814,1594.0329244273998
Phoenix Suns,1999,1635.3576113039535,6.0236884469288725,1624.58607170214,1625.347928070396
Phoenix Suns,2000,1641.696620805787,5.8945485131951045,1631.6810935730205,1640.822563781044
Phoenix Suns,2001,1562.0690120305644,-9.185044028198377,1566.8700213511006,1584.686116263947
Phoenix Suns,2002,1543.2440284932368,8.413442494641572,1537.6707453142249,1534.9113948846098
Phoenix Suns,2003,1459.779720202764,-6.604019669788386,1460.5195845810513,1460.120298811902
Phoenix Suns,2004,1705.718369831834,8.068755661343857,1707.0674067827895,1701.9003687840705
Phoenix Suns,2005,1683.4308425613779,5.589170569419707,1684.6844992071244,1686.8726098618263
Phoenix Suns,2006,1724.8505453064463,5.7673395515234915,1726.2893501564226,1725.1096792140954
Phoenix Suns,2007,1678.0773381981542,5.942114636500264,1679.6755403858363,1680.8518460456355
Phoenix Suns,2008,1602.3737270507277,4.4894245393151095,1606.2746387562538,1621.4560826925308
Phoenix Suns,2009,1642.7971671464607,6.9702644300314205,1641.1836742608975,1636.859449979242
Phoenix Suns,2010,1584.3361546484643,-8.651186959742745,1585.6400073896355,1591.0762668541865
Phoenix Suns,2011,1536.180383420999,7.85632040963128,1524.6905646279997,1516.4225701478163
Phoenix Suns,2012,1455.8712298509463,-7.983607889992413,1458.0928963651425,1456.826755627538
Phoenix Suns,2013,1568.505073508889,8.436432592950496,1569.0154839602674,1561.4682378289187
Phoenix Suns,2014,1581.1320026019694,-5.261055912180154,1583.1806421235815,1583.8953859289963
Phoenix Suns,2015,1367.6683310374872,-5.927781074001587,1379.348863193049,1396.0097269615371
Phoenix Suns,2016,1373.149393701999,-5.456454657349127,1369.9408302418,1367.880983133476
Phoenix Suns,2017,1373.1044409038313,-5.931369483827211,1377.1093901465501,1375.6621063401803
Phoenix Suns,2018,1306.2796315329392,-4.563815062161211,1298.9211293240935,1291.1093156568475
Phoenix Suns,2019,1433.2954039587146,-4.953787300695694,1432.4513823923485,1430.66724349075
Phoenix Suns,2020,1689.0531546358238,9.799731186052554,1682.2361484968185,1676.4185697448906
Phoenix Suns,2021,1762.443432409543,4.944866309894678,1765.9411374187591,1768.3556973772215
Phoenix Suns,2022,1614.7662304918842,5.454833322580271,1612.7033771720476,1606.4764551897608
Phoenix Suns,2023,1609.4074002707725,6.576915011995084,1613.923804127402,1609.970977056533
Phoenix Suns,2024,1528.652132786305,-7.132380533012679,1530.3407229777904,1535.4731301905208
Portland Trail Blazers,1996,1605.0089125164595,6.160416299255303,1604.72294044834,1601.019889842874
Portland Trail Blazers,1997,1611.2946232809481,4.320217640246938,1616.8852551466798,1617.910166176233
Portland Trail Blazers,1998,1654.4851608578963,6.242706526481925,1653.0218916299225,1650.4333322438674
Portland Trail Blazers,1999,1705.6366310202634,6.25310113965611,1705.4857926114976,1703.8672812746818
Portland Trail Blazers,2000,1689.226797450981,3.827247830486158,1689.048540472478,1692.7734866865135
Portland Trail Blazers,2001,1580.414878338741,6.842641579894462,1567.062892638392,1568.3209463026535
Portland Trail Blazers,2002,1635.9531823985312,6.729776551902432,1631.491671338565,1635.065941547871
Portland Trail Blazers,2003,1582.1241863688506,-1.7467699118468545,1586.4856708236,1583.6318306906455
Portland Trail Blazers,2004,1476.1804592053209,-7.201254969955926,1483.8645595892667,1480.1035066326162
Portland Trail Blazers,2005,1381.888161218276,-6.324763020909813,1382.6088548495186,1382.7149257069705
Portland Trail Blazers,2006,1429.4432969655222,-5.175361897504672,1430.0524091038374,1419.6316002221554
Portland Trail Blazers,2007,1520.6916310457427,0.48553920734934763,1518.8849428833573,1518.7119127493945
Portland Trail Blazers,2008,1627.9958188106716,6.544116560108364,1624.2304245626306,1623.6383101555566
Portland Trail Blazers,2009,1633.265424580451,5.0635813702213,1630.8278199649199,1632.1248983991673
Portland Trail Blazers,2010,1605.8055899868236,5.308115443057773,1604.7506903950655,1602.9295481525492
Portland Trail Blazers,2011,1551.5620962313478,-8.727572246342788,1556.0635741539677,1564.648637502817
Portland Trail Blazers,2012,1484.1842393148138,-7.377277612763578,1483.7212999154692,1480.3762668889594
Portland Trail Blazers,2013,1625.275671038647,8.46513496396301,1625.815737288624,1623.8662607320819
Portland Trail Blazers,2014,1660.5898155412283,4.6158060877414755,1659.7668206337232,1660.5263390301075
Portland Trail Blazers,2015,1551.0716060843374,6.294277861355113,1550.4795784749815,1550.591822343015
Portland Trail Blazers,2016,1561.5918943359516,-4.594759639577774,1560.3517831723766,1560.6801581639158
Portland Trail Blazers,2017,1586.2256647781905,6.7916353040925515,1583.136973861208,1584.4175754438807
Portland Trail Blazers,2018,1640.1286150212213,7.124555415898385,1638.1413235802306,1637.2513354833693
Portland Trail Blazers,2019,1552.1111364226244,-8.832439471019597,1552.5199370459384,1549.9629349653521
Portland Trail Blazers,2020,1592.6657790323452,7.718834453833665,1590.4587847200842,1591.601817780601
Portland Trail Blazers,2021,1501.8382253187024,-10.017772207318899,1502.860997257092,1503.3980726789443
Portland Trail Blazers,2022,1452.4607604744228,-7.152858410242857,1452.906588187198,1454.2668555054117
Portland Trail Blazers,2023,1358.546957743765,-6.05507291947913,1362.2759783480064,1365.189961702741
Portland Trail Blazers,2024,1430.0212477081202,-5.05549501027599,1421.547218120893,1415.2412166397744
Sacramento Kings,1996,1480.2422921659481,-5.8731702414747815,1481.2353951302644,1480.87837325987
Sacramento Kings,1997,1455.644101603133,-5.795190886233968,1457.4799834400533,1453.503165729458
Sacramento Kings,1998,1422.9215458247356,6.522758738404946,1410.3891536264593,1408.357084486075
Sacramento Kings,1999,1581.7126434359573,4.710847106759729,1579.7548693816193,1580.2249518320014
Sacramento Kings,2000,1666.1635330779582,5.778337990722434,1663.3306285024805,1659.6623633976385
Sacramento Kings,2001,1734.1714249535207,7.028642545370417,1733.7140564255424,1727.1957559621278
Sacramento Kings,2002,1731.8908603240043,6.397307269601015,1730.9458327734942,1730.6954707913806
Sacramento Kings,2003,1721.537099307491,5.06389163232609,1726.507955572542,1727.000286290648
Sacramento Kings,2004,1639.7607623950864,5.966722061284145,1648.9101508484619,1653.0084198252644
Sacramento Kings,2005,1545.2650218544516,8.285194331890807,1543.4469732642428,1544.471876039493
Sacramento Kings,2006,1515.4723014101305,-9.679531027810413,1521.7094546696437,1512.2228677016487
Sacramento Kings,2007,1488.8608621397623,-5.730677775411664,1486.010516705841,1483.7426166290431
Sacramento Kings,2008,1369.131790642938,-6.2589150327198695,1374.543607302871,1382.3348294093203
Sacramento Kings,2009,1368.4937812770709,-5.3194755109364,1366.963455152992,1368.4873026931673
Sacramento Kings,2010,1338.6043306937909,-4.37478055330871,1338.5678449622956,1337.669421458744
Sacramento Kings,2011,1443.9643072470806,-7.596423232774782,1445.4907691811504,1448.0088564241075
Sacramento Kings,2012,1422.5918970005168,-6.30631169758351,1417.2596109394021,1414.782586239257
Sacramento Kings,2013,1425.1258252960924,-6.264580907721893,1426.2718550415007,1423.9640150423356
Sacramento Kings,2014,1426.6314597609098,-6.905866364722442,1429.5582403939743,1425.6095252021942
Sacramento Kings,2015,1450.446726190778,-4.297211721442068,1446.073016521575,1446.7684694734753
Sacramento Kings,2016,1459.6153705631668,-6.094923416487859,1457.5772709140797,1454.6647650834602
Sacramento Kings,2017,1411.2010140132477,-7.732581054164257,1408.2241731061567,1413.221404660003
Sacramento Kings,2018,1518.9275742824561,-5.895733163896693,1516.6018587800922,1523.5682818617631
Sacramento Kings,2019,1476.962871629645,-6.07493534254786,1480.668294731503,1475.1720733128277
Sacramento Kings,2020,1506.470986453517,-8.334341982197088,1507.9016681085166,1510.1253956942974
Sacramento Kings,2021,1444.5709536919733,-7.620265939504748,1445.8269339108272,1457.6983096056983
Sacramento Kings,2022,1562.890856666067,8.09141569363328,1561.8682890438224,1559.9990384363875
Sacramento Kings,2023,1591.327031189328,6.6067087290562085,1593.3690383295102,1590.2582800098949
Sacramento Kings,2024,1547.438011866091,-6.815061698119052,1555.5800451795276,1558.207434358224
San Antonio Spurs,1996,1405.4047278314279,-6.732567614642335,1416.5751219505114,1424.4929224991915
San Antonio Spurs,1997,1640.4520784789709,7.941311797458411,1640.8194570485562,1640.1165860215162
San Antonio Spurs,1998,1703.4903451484304,5.56779955388015,1698.9225180426242,1698.386889534122
San Antonio Spurs,1999,1686.0654007668375,3.876672822029491,1686.179080692722,1687.100957767384
San Antonio Spurs,2000,1688.1772682537917,5.730290204556468,1683.1455195309022,1681.4080710446583
San Antonio Spurs,2001,1723.478438424836,5.199820951999527,1723.370084780578,1727.2234449960538
San Antonio Spurs,2002,1742.7887929189405,7.206352672674825,1733.2716094976508,1729.59294167385
San Antonio Spurs,2003,1724.0759142570498,6.42994119202524,1717.422635287817,1716.7346897707346
San Antonio Spurs,2004,1764.5398319180326,5.939372957711839,1767.4311493656357,1771.0809305420541
San Antonio Spurs,2005,1777.0185734524791,5.521210777120814,1777.304403654704,1779.9240075940656
San Antonio Spurs,2006,1730.1229119887194,6.557674606969613,1730.7879960227835,1728.3333420152417
San Antonio Spurs,2007,1727.5276832597094,4.1406140091085035,1726.4248147920327,1721.1130060561547
San Antonio Spurs,2008,1678.2053157577627,4.498267717675617,1683.6094487477264,1681.6610809876788
San Antonio Spurs,2009,1622.0413631073206,6.071896319227335,1621.811393477243,1621.6473131004395
San Antonio Spurs,2010,1759.3141109266626,4.752514984996537,1759.9976739920894,1758.2412339291077
San Antonio Spurs,2011,1702.8844819380297,7.488412323431248,1697.5599443594242,1693.4627266371517
San Antonio Spurs,2012,1763.8631274412694,5.196837761750203,1763.8116942845263,1762.0039514660366
San Antonio Spurs,2013,1773.3128851466329,5.437572589069987,1776.0754521100148,1771.6957843068838
San Antonio Spurs,2014,1695.2218209060864,5.517457643541547,1687.5939503717404,1692.2377669806574
San Antonio Spurs,2015,1808.296008324402,4.5832998692163756,1812.3042133446243,1814.2015016491453
San Antonio Spurs,2016,1752.6982710620446,5.056688921513796,1753.809627844202,1752.2071723103275
San Antonio Spurs,2017,1625.18850812839,6.573692145822406,1635.2102187527412,1650.6281364270458
San Antonio Spurs,2018,1594.926490323006,6.815715695956214,1590.1881986048538,1586.6932386811027
San Antonio Spurs,2019,1531.4192805619402,-8.879377630747285,1529.5768064687024,1529.7368635520565
San Antonio Spurs,2020,1563.2520919129436,-7.857744110790691,1571.4075855611904,1566.0158198165568
San Antonio Spurs,2021,1471.5571375990005,-6.93988750526546,1467.4801957791467,1471.103032730948
San Antonio Spurs,2022,1401.4540770250278,-7.783048972859206,1407.136526132258,1410.152269409628
San Antonio Spurs,2023,1308.5075528718544,-5.160374338355041,1306.487397530746,1302.5060483702819
San Antonio Spurs,2024,1468.795710880671,-6.588691760304414,1465.282652731819,1466.8780177546703
Toronto Raptors,1996,1401.0142612625527,-5.132073997907355,1398.7372449897207,1397.5381161334285
Toronto Raptors,1997,1343.4281899292369,-5.346378234374583,1343.0123341077206,1354.8515299013861
Toronto Raptors,1998,1448.5485663589006,-4.524799640014521,1431.903874174136,1400.3315705709133
Toronto Raptors,1999,1551.8360147009198,6.173044679003397,1554.360755292704,1554.1242982364568
Toronto Raptors,2000,1563.314271172405,6.126448392292559,1562.0729670754506,1561.655053200719
Toronto Raptors,2001,1570.769292972499,3.7730289879953034,1575.6544110026193,1577.5090297963457
Toronto Raptors,2002,1422.7288839664209,-8.901883088904128,1427.7281449538555,1429.8932381050404
Toronto Raptors,2003,1427.0922109340668,-5.689386773277647,1425.2435639478415,1426.2852419647697
Toronto Raptors,2004,1455.3818062796195,-7.543748254347179,1455.0268331512689,1456.4120130373253
Toronto Raptors,2005,1424.0190519923926,-6.868003466643927,1433.8703514763274,1437.9208283650719
Toronto Raptors,2006,1533.303624859403,8.90669714839305,1524.5392950080352,1508.4562026762794
Toronto Raptors,2007,1577.3015218402638,-7.828788108646904,1581.0451862067694,1583.8013093472096
Toronto Raptors,2008,1455.9204437203039,-6.315017776733953,1455.9683976734023,1456.7909003706422
Toronto Raptors,2009,1508.3331195335181,-5.9096445084921925,1506.9321002023544,1507.0988198371895
Toronto Raptors,2010,1391.390654536873,-7.0280313608205915,1418.4480999315674,1424.1018124973166
Toronto Raptors,2011,1356.2600239548246,-4.840184135927643,1348.013571531528,1344.1872159470236
Toronto Raptors,2012,1431.7890513705447,-5.514390947740139,1431.1090864202367,1434.0939679068224
Toronto Raptors,2013,1589.9404383378928,6.416663517546112,1586.5797757182015,1583.8905153855112
Toronto Raptors,2014,1608.4418658739105,5.339824848893045,1611.9228380331992,1611.86217652597
Toronto Raptors,2015,1657.7295206204014,7.923984201063604,1660.9974049561474,1659.0403832745956
Toronto Raptors,2016,1644.9060036149058,5.800172049691014,1643.1699319108575,1645.4390689345341
Toronto Raptors,2017,1671.579210387918,6.676297501321983,1669.2981724437886,1669.6458053387762
Toronto Raptors,2018,1686.917347516256,7.235629049774161,1686.290843913743,1686.108158985873
Toronto Raptors,2019,1740.798892987345,5.59368373037978,1742.7719459053617,1738.5695529062227
Toronto Raptors,2020,1574.4197670290482,-8.990104102949317,1600.2424933757259,1605.0162136077683
Toronto Raptors,2021,1560.655750051676,9.867005599185404,1561.5477124566428,1559.6491845530504
Toronto Raptors,2022,1555.6436213436232,-6.539908758758429,1555.290274491219,1550.9979132425465
Toronto Raptors,2023,1464.6718226651428,-7.961228818372888,1471.675281746464,1476.1716420534644
Toronto Raptors,2024,1382.578341918761,-4.61112683922579,1372.409179547375,1363.8212897802505
Utah Jazz,1996,1751.3974349211658,4.3397370156146735,1742.8860618264712,1738.8640004988495
Utah Jazz,1997,1770.2977989681294,4.361117584068211,1773.3295794354904,1774.2830401604847
Utah Jazz,1998,1790.1223343778006,2.0575642084484116,1790.4838413239565,1789.5577360759767
Utah Jazz,1999,1674.1771812218199,4.967339293199188,1671.7357564049657,1673.9414125461017
Utah Jazz,2000,1660.8754300880405,4.346109905391586,1659.7670763183662,1661.4185565321065
Utah Jazz,2001,1590.3148095513907,4.891558068354129,1589.8690599760225,1592.750017825304
Utah Jazz,2002,1598.6938264234193,6.217673427075624,1598.7505308873156,1597.8839443065306
Utah Jazz,2003,1566.7191089052562,7.764844275143673,1564.8979926196619,1567.6445751549504
Utah Jazz,2004,1425.7722997951596,-8.29763379322867,1425.338244638363,1425.7828106318757
Utah Jazz,2005,1503.5214229223848,-5.435106559619271,1503.2186049421025,1500.0843842951065
Utah Jazz,2006,1633.229211254666,8.402988390260816,1633.2294253194414,1627.3849860934902
Utah Jazz,2007,1673.9018388352572,6.839524730012158,1669.2391129189264,1664.380915362347
Utah Jazz,2008,1633.6421690010227,4.906919439509693,1631.755270705627,1636.174472554853
Utah Jazz,2009,1646.7849480680015,5.823504246180164,1637.5911989413878,1621.1616317749622
Utah Jazz,2010,1605.4943073773197,-6.198859870006686,1615.8977557306798,1625.793908970959
Utah Jazz,2011,1540.2589039083664,7.157077004791745,1541.3292195226918,1537.5044021315166
Utah Jazz,2012,1575.539663035137,5.388468146959667,1577.9004425720536,1579.6266975690742
Utah Jazz,2013,1467.601328617035,-7.468624627308486,1468.4194786135104,1473.94736932631
Utah Jazz,2014,1434.4413998817072,-4.809027990402569,1431.6820294745262,1428.430636053637
Utah Jazz,2015,1543.9599233478689,-2.8583086681235272,1543.444891176358,1539.5229153694972
Utah Jazz,2016,1607.7928516915706,7.448409100341678,1608.8615534690962,1608.1953097171445
Utah Jazz,2017,1610.7140639906338,6.179190025357684,1613.0653397959293,1603.5939905476584
Utah Jazz,2018,1635.7913994067778,5.754630155273389,1641.7129546659216,1644.1506406922217
Utah Jazz,2019,1636.8127934823092,6.183689937092595,1638.2260434105806,1639.0905985570275
Utah Jazz,2020,1682.052094994092,8.169342608722673,1674.7514095374368,1676.7549110814343
Utah Jazz,2021,1626.733697323879,6.7094200150821734,1631.8080084180306,1641.1143702944587
Utah Jazz,2022,1527.8369391109131,-9.799469357135195,1528.252846146393,1531.5563172810573
Utah Jazz,2023,1454.0171798185074,-7.513805479671191,1454.4831822416,1456.9639512930135
Utah Jazz,2024,1362.977993983976,-5.664376128037134,1368.697623291207,1371.690884860588
Washington Wizards,1996,1541.9801496893133,4.9779214870993655,1543.7347432156037,1539.7491365884423
Washington Wizards,1997,1578.2905682040514,-0.6288297467973507,1576.4744958493714,1580.4171401559038
Washington Wizards,1998,1534.2247736273953,-8.88170460375079,1541.551737838507,1541.7197502298716
Washington Wizards,1999,1413.6320054932125,-6.830930928227303,1413.3792124544816,1412.832878668978
Washington Wizards,2000,1356.1567810793263,-5.694626133871907,1359.1428112024428,1356.8028261015481
Washington Wizards,2001,1470.871727960744,-5.6211021409019395,1469.5863738093153,1467.3626600408252
Washington Wizards,2002,1500.5213200016133,-7.272223106556567,1500.9298164091097,1495.4977946225172
Washington Wizards,2003,1384.0681662891323,-7.301399192701751,1383.2720638269875,1385.6936020114786
Washington Wizards,2004,1534.7728262305636,6.525090003111927,1533.100986561176,1533.4415284470392
Washington Wizards,2005,1537.582993760292,-0.4146620927234608,1542.2212322842029,1539.542025360071
Washington Wizards,2006,1546.4769946925724,-7.584050912231305,1551.815492660524,1550.7208877865241
Washington Wizards,2007,1517.580423648938,4.951328223336986,1515.8324312255581,1508.2155098577882
Washington Wizards,2008,1367.9293349061022,-7.143117626803246,1367.885143143199,1382.6514705971397
Washington Wizards,2009,1370.9202058394908,-5.884069513389591,1370.9361544229992,1371.9706925227442
Washington Wizards,2010,1354.7348495511906,-4.816713359049686,1355.6260821191122,1356.2012445161536
Washington Wizards,2011,1328.0873994575927,-5.812422648476513,1327.1504208927838,1329.665054148693
Washington Wizards,2012,1404.8867968875802,-5.771325431246737,1405.3660061480473,1392.2214940508452
Washington Wizards,2013,1541.1442792204598,6.36925198208246,1538.8583891194676,1539.9132280642
Washington Wizards,2014,1604.4884545377247,5.734051680667676,1607.7778122020018,1607.3993438698444
Washington Wizards,2015,1534.7692857083482,-3.127434842268144,1537.8226248228439,1538.4902428715718
Washington Wizards,2016,1607.0168596725605,7.41159393625162,1604.1352955577108,1607.581120811135
Washington Wizards,2017,1580.0169480885108,6.1296239711878115,1585.9921182905098,1582.791268285201
Washington Wizards,2018,1480.017022244555,-8.17757142063931,1480.4264492084335,1480.2251021130135
Washington Wizards,2019,1410.3889993342477,-5.794458253736934,1411.6306576018574,1412.3155484043768
Washington Wizards,2020,1463.1517648345382,-5.9321788313252455,1454.2387542526528,1451.057072131546
Washington Wizards,2021,1499.5092328203957,-7.218673922470316,1504.659597923686,1507.3217309600145
Washington Wizards,2022,1485.4149962506995,-7.852861591448118,1484.8106976083282,1482.2380693349703
Washington Wizards,2023,1324.2232498973735,-5.158620230685983,1321.664149431464,1327.8383784349007
Washington Wizards,2024,1277.5016672227662,-4.105762240217473,1276.3321793492642,1277.6323382886585
